anio,provincia,destino,region_destino,valor_musd,total_provincia_musd,participacion_pct,var_interanual_pct,decada,ranking_destino,es_top3,rubro_principal,pp_participacion_pct
1993,Chaco,Resto,Otros,56.6,152.62,37.09,,1990s,1,True,MOA,36.71
1993,Chaco,Italia,Europa,29.28,152.62,19.18,,1990s,2,True,MOA,36.71
1993,Chaco,Brasil,Mercosur,27.96,152.62,18.32,,1990s,3,True,MOA,36.71
1993,Chaco,Estados Unidos,América del Norte,16.81,152.62,11.01,,1990s,4,False,MOA,36.71
1993,Chaco,México,América Latina,7.82,152.62,5.12,,1990s,5,False,MOA,36.71
1993,Chaco,España,Europa,5.69,152.62,3.73,,1990s,6,False,MOA,36.71
1993,Chaco,Chile,América Latina,4.39,152.62,2.88,,1990s,7,False,MOA,36.71
1993,Chaco,Colombia,América Latina,2.64,152.62,1.73,,1990s,8,False,MOA,36.71
1993,Chaco,Indonesia,Asia,0.81,152.62,0.53,,1990s,9,False,MOA,36.71
1993,Chaco,China,Asia,0.31,152.62,0.2,,1990s,10,False,MOA,36.71
1993,Chaco,Egipto,África,0.31,152.62,0.2,,1990s,11,False,MOA,36.71
1994,Chaco,Resto,Otros,78.23,246.21,31.77,38.22,1990s,1,True,Productos primarios,63.97
1994,Chaco,Brasil,Mercosur,74.72,246.21,30.35,167.24,1990s,2,True,Productos primarios,63.97
1994,Chaco,Italia,Europa,29.4,246.21,11.94,0.41,1990s,3,True,Productos primarios,63.97
1994,Chaco,China,Asia,15.28,246.21,6.21,4829.03,1990s,4,False,Productos primarios,63.97
1994,Chaco,Estados Unidos,América del Norte,12.26,246.21,4.98,-27.07,1990s,5,False,Productos primarios,63.97
1994,Chaco,Colombia,América Latina,11.25,246.21,4.57,326.14,1990s,6,False,Productos primarios,63.97
1994,Chaco,Chile,América Latina,9.9,246.21,4.02,125.51,1990s,7,False,Productos primarios,63.97
1994,Chaco,México,América Latina,6.58,246.21,2.67,-15.86,1990s,8,False,Productos primarios,63.97
1994,Chaco,España,Europa,6.22,246.21,2.53,9.31,1990s,9,False,Productos primarios,63.97
1994,Chaco,Indonesia,Asia,2.01,246.21,0.82,148.15,1990s,10,False,Productos primarios,63.97
1994,Chaco,Egipto,África,0.37,246.21,0.15,19.35,1990s,11,False,Productos primarios,63.97
1995,Chaco,Resto,Otros,189.54,389.41,48.67,142.29,1990s,1,True,Productos primarios,80.42
1995,Chaco,Brasil,Mercosur,58.53,389.41,15.03,-21.67,1990s,2,True,Productos primarios,80.42
1995,Chaco,Italia,Europa,30.84,389.41,7.92,4.9,1990s,3,True,Productos primarios,80.42
1995,Chaco,Chile,América Latina,19.22,389.41,4.94,94.14,1990s,4,False,Productos primarios,80.42
1995,Chaco,Indonesia,Asia,18.72,389.41,4.81,831.34,1990s,5,False,Productos primarios,80.42
1995,Chaco,Colombia,América Latina,18.29,389.41,4.7,62.58,1990s,6,False,Productos primarios,80.42
1995,Chaco,China,Asia,17.8,389.41,4.57,16.49,1990s,7,False,Productos primarios,80.42
1995,Chaco,España,Europa,17.46,389.41,4.48,180.71,1990s,8,False,Productos primarios,80.42
1995,Chaco,Estados Unidos,América del Norte,12.4,389.41,3.18,1.14,1990s,9,False,Productos primarios,80.42
1995,Chaco,México,América Latina,6.13,389.41,1.57,-6.84,1990s,10,False,Productos primarios,80.42
1995,Chaco,Egipto,África,0.48,389.41,0.12,29.73,1990s,11,False,Productos primarios,80.42
1996,Chaco,Resto,Otros,151.19,427.19,35.39,-20.23,1990s,1,True,Productos primarios,88.16
1996,Chaco,Brasil,Mercosur,129.49,427.19,30.31,121.24,1990s,2,True,Productos primarios,88.16
1996,Chaco,Estados Unidos,América del Norte,53.19,427.19,12.45,328.95,1990s,3,True,Productos primarios,88.16
1996,Chaco,Chile,América Latina,21.37,427.19,5.0,11.19,1990s,4,False,Productos primarios,88.16
1996,Chaco,Indonesia,Asia,17.24,427.19,4.04,-7.91,1990s,5,False,Productos primarios,88.16
1996,Chaco,Colombia,América Latina,11.75,427.19,2.75,-35.76,1990s,6,False,Productos primarios,88.16
1996,Chaco,Italia,Europa,11.46,427.19,2.68,-62.84,1990s,7,False,Productos primarios,88.16
1996,Chaco,México,América Latina,11.1,427.19,2.6,81.08,1990s,8,False,Productos primarios,88.16
1996,Chaco,China,Asia,10.73,427.19,2.51,-39.72,1990s,9,False,Productos primarios,88.16
1996,Chaco,España,Europa,7.35,427.19,1.72,-57.9,1990s,10,False,Productos primarios,88.16
1996,Chaco,Egipto,África,2.31,427.19,0.54,381.25,1990s,11,False,Productos primarios,88.16
1997,Chaco,Brasil,Mercosur,165.77,320.53,51.72,28.02,1990s,1,True,Productos primarios,80.62
1997,Chaco,Resto,Otros,76.26,320.53,23.79,-49.56,1990s,2,True,Productos primarios,80.62
1997,Chaco,Chile,América Latina,25.64,320.53,8.0,19.98,1990s,3,True,Productos primarios,80.62
1997,Chaco,Italia,Europa,17.78,320.53,5.55,55.15,1990s,4,False,Productos primarios,80.62
1997,Chaco,España,Europa,7.74,320.53,2.41,5.31,1990s,5,False,Productos primarios,80.62
1997,Chaco,México,América Latina,7.47,320.53,2.33,-32.7,1990s,6,False,Productos primarios,80.62
1997,Chaco,Colombia,América Latina,6.31,320.53,1.97,-46.3,1990s,7,False,Productos primarios,80.62
1997,Chaco,Estados Unidos,América del Norte,5.01,320.53,1.56,-90.58,1990s,8,False,Productos primarios,80.62
1997,Chaco,Indonesia,Asia,4.28,320.53,1.34,-75.17,1990s,9,False,Productos primarios,80.62
1997,Chaco,Egipto,África,2.99,320.53,0.93,29.44,1990s,10,False,Productos primarios,80.62
1997,Chaco,China,Asia,1.27,320.53,0.4,-88.16,1990s,11,False,Productos primarios,80.62
1998,Chaco,Brasil,Mercosur,77.94,213.88,36.44,-52.98,1990s,1,True,Productos primarios,74.34
1998,Chaco,Resto,Otros,69.33,213.88,32.42,-9.09,1990s,2,True,Productos primarios,74.34
1998,Chaco,Italia,Europa,20.33,213.88,9.51,14.34,1990s,3,True,Productos primarios,74.34
1998,Chaco,Chile,América Latina,14.21,213.88,6.64,-44.58,1990s,4,False,Productos primarios,74.34
1998,Chaco,México,América Latina,8.7,213.88,4.07,16.47,1990s,5,False,Productos primarios,74.34
1998,Chaco,Estados Unidos,América del Norte,5.23,213.88,2.45,4.39,1990s,6,False,Productos primarios,74.34
1998,Chaco,España,Europa,5.04,213.88,2.36,-34.88,1990s,7,False,Productos primarios,74.34
1998,Chaco,China,Asia,4.85,213.88,2.27,281.89,1990s,8,False,Productos primarios,74.34
1998,Chaco,Colombia,América Latina,4.41,213.88,2.06,-30.11,1990s,9,False,Productos primarios,74.34
1998,Chaco,Indonesia,Asia,2.32,213.88,1.08,-45.79,1990s,10,False,Productos primarios,74.34
1998,Chaco,Egipto,África,1.54,213.88,0.72,-48.49,1990s,11,False,Productos primarios,74.34
1999,Chaco,Resto,Otros,81.56,216.21,37.72,17.64,1990s,1,True,Productos primarios,78.51
1999,Chaco,Brasil,Mercosur,67.05,216.21,31.01,-13.97,1990s,2,True,Productos primarios,78.51
1999,Chaco,Italia,Europa,12.85,216.21,5.94,-36.79,1990s,3,True,Productos primarios,78.51
1999,Chaco,España,Europa,12.33,216.21,5.7,144.64,1990s,4,False,Productos primarios,78.51
1999,Chaco,Chile,América Latina,11.48,216.21,5.31,-19.21,1990s,5,False,Productos primarios,78.51
1999,Chaco,México,América Latina,8.45,216.21,3.91,-2.87,1990s,6,False,Productos primarios,78.51
1999,Chaco,China,Asia,7.56,216.21,3.5,55.88,1990s,7,False,Productos primarios,78.51
1999,Chaco,Estados Unidos,América del Norte,7.23,216.21,3.34,38.24,1990s,8,False,Productos primarios,78.51
1999,Chaco,Indonesia,Asia,3.67,216.21,1.7,58.19,1990s,9,False,Productos primarios,78.51
1999,Chaco,Egipto,África,2.38,216.21,1.1,54.55,1990s,10,False,Productos primarios,78.51
1999,Chaco,Colombia,América Latina,1.67,216.21,0.77,-62.13,1990s,11,False,Productos primarios,78.51
2000,Chaco,Resto,Otros,51.81,150.62,34.4,-36.48,2000s,1,True,Productos primarios,68.97
2000,Chaco,Brasil,Mercosur,25.36,150.62,16.84,-62.18,2000s,2,True,Productos primarios,68.97
2000,Chaco,China,Asia,19.81,150.62,13.15,162.04,2000s,3,True,Productos primarios,68.97
2000,Chaco,Italia,Europa,15.18,150.62,10.08,18.13,2000s,4,False,Productos primarios,68.97
2000,Chaco,Chile,América Latina,10.89,150.62,7.23,-5.14,2000s,5,False,Productos primarios,68.97
2000,Chaco,España,Europa,8.26,150.62,5.48,-33.01,2000s,6,False,Productos primarios,68.97
2000,Chaco,México,América Latina,6.45,150.62,4.28,-23.67,2000s,7,False,Productos primarios,68.97
2000,Chaco,Estados Unidos,América del Norte,5.21,150.62,3.46,-27.94,2000s,8,False,Productos primarios,68.97
2000,Chaco,Egipto,África,3.73,150.62,2.48,56.72,2000s,9,False,Productos primarios,68.97
2000,Chaco,Colombia,América Latina,2.01,150.62,1.33,20.36,2000s,10,False,Productos primarios,68.97
2000,Chaco,Indonesia,Asia,1.92,150.62,1.27,-47.68,2000s,11,False,Productos primarios,68.97
2001,Chaco,Resto,Otros,68.55,165.19,41.5,32.31,2000s,1,True,Productos primarios,72.62
2001,Chaco,China,Asia,27.36,165.19,16.56,38.11,2000s,2,True,Productos primarios,72.62
2001,Chaco,Italia,Europa,17.74,165.19,10.74,16.86,2000s,3,True,Productos primarios,72.62
2001,Chaco,Brasil,Mercosur,17.33,165.19,10.49,-31.66,2000s,4,False,Productos primarios,72.62
2001,Chaco,Chile,América Latina,10.1,165.19,6.11,-7.25,2000s,5,False,Productos primarios,72.62
2001,Chaco,España,Europa,6.67,165.19,4.04,-19.25,2000s,6,False,Productos primarios,72.62
2001,Chaco,Estados Unidos,América del Norte,4.96,165.19,3.0,-4.8,2000s,7,False,Productos primarios,72.62
2001,Chaco,México,América Latina,4.93,165.19,2.98,-23.57,2000s,8,False,Productos primarios,72.62
2001,Chaco,Indonesia,Asia,4.1,165.19,2.48,113.54,2000s,9,False,Productos primarios,72.62
2001,Chaco,Egipto,África,1.8,165.19,1.09,-51.74,2000s,10,False,Productos primarios,72.62
2001,Chaco,Colombia,América Latina,1.67,165.19,1.01,-16.92,2000s,11,False,Productos primarios,72.62
2002,Chaco,Resto,Otros,52.83,135.04,39.12,-22.93,2000s,1,True,Productos primarios,71.11
2002,Chaco,China,Asia,23.22,135.04,17.19,-15.13,2000s,2,True,Productos primarios,71.11
2002,Chaco,Italia,Europa,14.89,135.04,11.03,-16.07,2000s,3,True,Productos primarios,71.11
2002,Chaco,Brasil,Mercosur,12.5,135.04,9.26,-27.87,2000s,4,False,Productos primarios,71.11
2002,Chaco,España,Europa,10.43,135.04,7.72,56.37,2000s,5,False,Productos primarios,71.11
2002,Chaco,Chile,América Latina,6.35,135.04,4.7,-37.13,2000s,6,False,Productos primarios,71.11
2002,Chaco,México,América Latina,5.49,135.04,4.07,11.36,2000s,7,False,Productos primarios,71.11
2002,Chaco,Egipto,África,3.88,135.04,2.87,115.56,2000s,8,False,Productos primarios,71.11
2002,Chaco,Estados Unidos,América del Norte,3.03,135.04,2.24,-38.91,2000s,9,False,Productos primarios,71.11
2002,Chaco,Colombia,América Latina,1.69,135.04,1.25,1.2,2000s,10,False,Productos primarios,71.11
2002,Chaco,Indonesia,Asia,0.73,135.04,0.54,-82.2,2000s,11,False,Productos primarios,71.11
2003,Chaco,Resto,Otros,66.83,198.11,33.73,26.5,2000s,1,True,Productos primarios,79.3
2003,Chaco,China,Asia,58.1,198.11,29.33,150.22,2000s,2,True,Productos primarios,79.3
2003,Chaco,Brasil,Mercosur,27.58,198.11,13.92,120.64,2000s,3,True,Productos primarios,79.3
2003,Chaco,Italia,Europa,13.12,198.11,6.62,-11.89,2000s,4,False,Productos primarios,79.3
2003,Chaco,México,América Latina,8.51,198.11,4.3,55.01,2000s,5,False,Productos primarios,79.3
2003,Chaco,España,Europa,7.67,198.11,3.87,-26.46,2000s,6,False,Productos primarios,79.3
2003,Chaco,Egipto,África,5.17,198.11,2.61,33.25,2000s,7,False,Productos primarios,79.3
2003,Chaco,Chile,América Latina,4.52,198.11,2.28,-28.82,2000s,8,False,Productos primarios,79.3
2003,Chaco,Estados Unidos,América del Norte,3.12,198.11,1.57,2.97,2000s,9,False,Productos primarios,79.3
2003,Chaco,Colombia,América Latina,2.46,198.11,1.24,45.56,2000s,10,False,Productos primarios,79.3
2003,Chaco,Indonesia,Asia,1.01,198.11,0.51,38.36,2000s,11,False,Productos primarios,79.3
2004,Chaco,Resto,Otros,57.85,151.46,38.19,-13.44,2000s,1,True,Productos primarios,70.45
2004,Chaco,China,Asia,32.9,151.46,21.72,-43.37,2000s,2,True,Productos primarios,70.45
2004,Chaco,Brasil,Mercosur,14.65,151.46,9.67,-46.88,2000s,3,True,Productos primarios,70.45
2004,Chaco,Italia,Europa,10.79,151.46,7.12,-17.76,2000s,4,False,Productos primarios,70.45
2004,Chaco,Chile,América Latina,7.86,151.46,5.19,73.89,2000s,5,False,Productos primarios,70.45
2004,Chaco,México,América Latina,7.35,151.46,4.85,-13.63,2000s,6,False,Productos primarios,70.45
2004,Chaco,España,Europa,6.09,151.46,4.02,-20.6,2000s,7,False,Productos primarios,70.45
2004,Chaco,Estados Unidos,América del Norte,4.89,151.46,3.23,56.73,2000s,8,False,Productos primarios,70.45
2004,Chaco,Egipto,África,3.81,151.46,2.52,-26.31,2000s,9,False,Productos primarios,70.45
2004,Chaco,Indonesia,Asia,3.1,151.46,2.05,206.93,2000s,10,False,Productos primarios,70.45
2004,Chaco,Colombia,América Latina,2.2,151.46,1.45,-10.57,2000s,11,False,Productos primarios,70.45
2005,Chaco,Resto,Otros,45.75,151.57,30.18,-20.92,2000s,1,True,Productos primarios,68.04
2005,Chaco,China,Asia,42.91,151.57,28.31,30.43,2000s,2,True,Productos primarios,68.04
2005,Chaco,Italia,Europa,15.22,151.57,10.04,41.06,2000s,3,True,Productos primarios,68.04
2005,Chaco,Brasil,Mercosur,12.14,151.57,8.01,-17.13,2000s,4,False,Productos primarios,68.04
2005,Chaco,Chile,América Latina,10.84,151.57,7.15,37.91,2000s,5,False,Productos primarios,68.04
2005,Chaco,México,América Latina,7.32,151.57,4.83,-0.41,2000s,6,False,Productos primarios,68.04
2005,Chaco,España,Europa,5.75,151.57,3.79,-5.58,2000s,7,False,Productos primarios,68.04
2005,Chaco,Estados Unidos,América del Norte,3.7,151.57,2.44,-24.34,2000s,8,False,Productos primarios,68.04
2005,Chaco,Indonesia,Asia,3.28,151.57,2.16,5.81,2000s,9,False,Productos primarios,68.04
2005,Chaco,Egipto,África,3.27,151.57,2.16,-14.17,2000s,10,False,Productos primarios,68.04
2005,Chaco,Colombia,América Latina,1.42,151.57,0.94,-35.45,2000s,11,False,Productos primarios,68.04
2006,Chaco,Resto,Otros,42.39,138.73,30.56,-7.34,2000s,1,True,Productos primarios,56.53
2006,Chaco,China,Asia,37.1,138.73,26.74,-13.54,2000s,2,True,Productos primarios,56.53
2006,Chaco,Italia,Europa,21.68,138.73,15.63,42.44,2000s,3,True,Productos primarios,56.53
2006,Chaco,Brasil,Mercosur,11.02,138.73,7.94,-9.23,2000s,4,False,Productos primarios,56.53
2006,Chaco,México,América Latina,7.25,138.73,5.23,-0.96,2000s,5,False,Productos primarios,56.53
2006,Chaco,Chile,América Latina,7.02,138.73,5.06,-35.24,2000s,6,False,Productos primarios,56.53
2006,Chaco,España,Europa,4.22,138.73,3.04,-26.61,2000s,7,False,Productos primarios,56.53
2006,Chaco,Estados Unidos,América del Norte,3.31,138.73,2.39,-10.54,2000s,8,False,Productos primarios,56.53
2006,Chaco,Indonesia,Asia,1.65,138.73,1.19,-49.7,2000s,9,False,Productos primarios,56.53
2006,Chaco,Colombia,América Latina,1.58,138.73,1.14,11.27,2000s,10,False,Productos primarios,56.53
2006,Chaco,Egipto,África,1.53,138.73,1.1,-53.21,2000s,11,False,Productos primarios,56.53
2007,Chaco,Resto,Otros,104.92,285.21,36.79,147.51,2000s,1,True,Productos primarios,76.99
2007,Chaco,China,Asia,79.68,285.21,27.94,114.77,2000s,2,True,Productos primarios,76.99
2007,Chaco,Brasil,Mercosur,27.39,285.21,9.6,148.55,2000s,3,True,Productos primarios,76.99
2007,Chaco,Italia,Europa,22.91,285.21,8.03,5.67,2000s,4,False,Productos primarios,76.99
2007,Chaco,Chile,América Latina,13.59,285.21,4.76,93.59,2000s,5,False,Productos primarios,76.99
2007,Chaco,España,Europa,11.17,285.21,3.92,164.69,2000s,6,False,Productos primarios,76.99
2007,Chaco,México,América Latina,8.64,285.21,3.03,19.17,2000s,7,False,Productos primarios,76.99
2007,Chaco,Egipto,África,7.05,285.21,2.47,360.78,2000s,8,False,Productos primarios,76.99
2007,Chaco,Indonesia,Asia,3.64,285.21,1.28,120.61,2000s,9,False,Productos primarios,76.99
2007,Chaco,Colombia,América Latina,3.24,285.21,1.14,105.06,2000s,10,False,Productos primarios,76.99
2007,Chaco,Estados Unidos,América del Norte,2.98,285.21,1.04,-9.97,2000s,11,False,Productos primarios,76.99
2008,Chaco,Resto,Otros,140.93,391.51,36.0,34.32,2000s,1,True,Productos primarios,81.02
2008,Chaco,China,Asia,140.15,391.51,35.8,75.89,2000s,2,True,Productos primarios,81.02
2008,Chaco,Chile,América Latina,24.21,391.51,6.18,78.15,2000s,3,True,Productos primarios,81.02
2008,Chaco,Italia,Europa,21.28,391.51,5.44,-7.11,2000s,4,False,Productos primarios,81.02
2008,Chaco,Brasil,Mercosur,20.84,391.51,5.32,-23.91,2000s,5,False,Productos primarios,81.02
2008,Chaco,España,Europa,16.8,391.51,4.29,50.4,2000s,6,False,Productos primarios,81.02
2008,Chaco,Egipto,África,10.4,391.51,2.66,47.52,2000s,7,False,Productos primarios,81.02
2008,Chaco,México,América Latina,7.07,391.51,1.81,-18.17,2000s,8,False,Productos primarios,81.02
2008,Chaco,Colombia,América Latina,4.66,391.51,1.19,43.83,2000s,9,False,Productos primarios,81.02
2008,Chaco,Estados Unidos,América del Norte,4.25,391.51,1.09,42.62,2000s,10,False,Productos primarios,81.02
2008,Chaco,Indonesia,Asia,0.92,391.51,0.23,-74.73,2000s,11,False,Productos primarios,81.02
2009,Chaco,Resto,Otros,68.48,169.66,40.36,-51.41,2000s,1,True,Productos primarios,66.74
2009,Chaco,China,Asia,28.82,169.66,16.99,-79.44,2000s,2,True,Productos primarios,66.74
2009,Chaco,Brasil,Mercosur,17.61,169.66,10.38,-15.5,2000s,3,True,Productos primarios,66.74
2009,Chaco,Italia,Europa,15.29,169.66,9.01,-28.15,2000s,4,False,Productos primarios,66.74
2009,Chaco,Chile,América Latina,11.63,169.66,6.85,-51.96,2000s,5,False,Productos primarios,66.74
2009,Chaco,México,América Latina,8.21,169.66,4.84,16.12,2000s,6,False,Productos primarios,66.74
2009,Chaco,España,Europa,5.2,169.66,3.06,-69.05,2000s,7,False,Productos primarios,66.74
2009,Chaco,Indonesia,Asia,4.61,169.66,2.72,401.09,2000s,8,False,Productos primarios,66.74
2009,Chaco,Colombia,América Latina,4.25,169.66,2.51,-8.8,2000s,9,False,Productos primarios,66.74
2009,Chaco,Egipto,África,2.8,169.66,1.65,-73.08,2000s,10,False,Productos primarios,66.74
2009,Chaco,Estados Unidos,América del Norte,2.76,169.66,1.63,-35.06,2000s,11,False,Productos primarios,66.74
2010,Chaco,China,Asia,129.58,373.66,34.68,349.62,2010s,1,True,Productos primarios,78.14
2010,Chaco,Resto,Otros,121.55,373.66,32.53,77.5,2010s,2,True,Productos primarios,78.14
2010,Chaco,Brasil,Mercosur,29.17,373.66,7.81,65.64,2010s,3,True,Productos primarios,78.14
2010,Chaco,Italia,Europa,24.47,373.66,6.55,60.04,2010s,4,False,Productos primarios,78.14
2010,Chaco,Chile,América Latina,18.09,373.66,4.84,55.55,2010s,5,False,Productos primarios,78.14
2010,Chaco,Indonesia,Asia,11.79,373.66,3.16,155.75,2010s,6,False,Productos primarios,78.14
2010,Chaco,Colombia,América Latina,10.96,373.66,2.93,157.88,2010s,7,False,Productos primarios,78.14
2010,Chaco,Egipto,África,10.93,373.66,2.93,290.36,2010s,8,False,Productos primarios,78.14
2010,Chaco,México,América Latina,8.28,373.66,2.22,0.85,2010s,9,False,Productos primarios,78.14
2010,Chaco,España,Europa,5.23,373.66,1.4,0.58,2010s,10,False,Productos primarios,78.14
2010,Chaco,Estados Unidos,América del Norte,3.61,373.66,0.97,30.8,2010s,11,False,Productos primarios,78.14
2011,Chaco,Resto,Otros,215.85,589.96,36.59,77.58,2010s,1,True,Productos primarios,84.78
2011,Chaco,China,Asia,165.03,589.96,27.97,27.36,2010s,2,True,Productos primarios,84.78
2011,Chaco,Brasil,Mercosur,59.19,589.96,10.03,102.91,2010s,3,True,Productos primarios,84.78
2011,Chaco,Italia,Europa,27.1,589.96,4.59,10.75,2010s,4,False,Productos primarios,84.78
2011,Chaco,Indonesia,Asia,26.4,589.96,4.47,123.92,2010s,5,False,Productos primarios,84.78
2011,Chaco,Chile,América Latina,24.44,589.96,4.14,35.1,2010s,6,False,Productos primarios,84.78
2011,Chaco,Colombia,América Latina,23.56,589.96,3.99,114.96,2010s,7,False,Productos primarios,84.78
2011,Chaco,Egipto,África,21.73,589.96,3.68,98.81,2010s,8,False,Productos primarios,84.78
2011,Chaco,México,América Latina,12.26,589.96,2.08,48.07,2010s,9,False,Productos primarios,84.78
2011,Chaco,España,Europa,8.97,589.96,1.52,71.51,2010s,10,False,Productos primarios,84.78
2011,Chaco,Estados Unidos,América del Norte,5.43,589.96,0.92,50.42,2010s,11,False,Productos primarios,84.78
2012,Chaco,Resto,Otros,139.58,304.98,45.77,-35.33,2010s,1,True,Productos primarios,73.03
2012,Chaco,Brasil,Mercosur,41.11,304.98,13.48,-30.55,2010s,2,True,Productos primarios,73.03
2012,Chaco,China,Asia,32.88,304.98,10.78,-80.08,2010s,3,True,Productos primarios,73.03
2012,Chaco,Italia,Europa,20.53,304.98,6.73,-24.24,2010s,4,False,Productos primarios,73.03
2012,Chaco,México,América Latina,18.61,304.98,6.1,51.79,2010s,5,False,Productos primarios,73.03
2012,Chaco,Chile,América Latina,16.39,304.98,5.37,-32.94,2010s,6,False,Productos primarios,73.03
2012,Chaco,Colombia,América Latina,12.87,304.98,4.22,-45.37,2010s,7,False,Productos primarios,73.03
2012,Chaco,Indonesia,Asia,9.17,304.98,3.01,-65.27,2010s,8,False,Productos primarios,73.03
2012,Chaco,Egipto,África,5.23,304.98,1.71,-75.93,2010s,9,False,Productos primarios,73.03
2012,Chaco,Estados Unidos,América del Norte,5.03,304.98,1.65,-7.37,2010s,10,False,Productos primarios,73.03
2012,Chaco,España,Europa,3.57,304.98,1.17,-60.2,2010s,11,False,Productos primarios,73.03
2013,Chaco,Resto,Otros,126.47,282.54,44.76,-9.39,2010s,1,True,Productos primarios,73.67
2013,Chaco,China,Asia,45.68,282.54,16.17,38.93,2010s,2,True,Productos primarios,73.67
2013,Chaco,Italia,Europa,22.49,282.54,7.96,9.55,2010s,3,True,Productos primarios,73.67
2013,Chaco,Brasil,Mercosur,16.48,282.54,5.83,-59.91,2010s,4,False,Productos primarios,73.67
2013,Chaco,Chile,América Latina,15.05,282.54,5.33,-8.18,2010s,5,False,Productos primarios,73.67
2013,Chaco,México,América Latina,14.43,282.54,5.11,-22.46,2010s,6,False,Productos primarios,73.67
2013,Chaco,Colombia,América Latina,14.11,282.54,4.99,9.63,2010s,7,False,Productos primarios,73.67
2013,Chaco,Estados Unidos,América del Norte,10.48,282.54,3.71,108.35,2010s,8,False,Productos primarios,73.67
2013,Chaco,Egipto,África,7.82,282.54,2.77,49.52,2010s,9,False,Productos primarios,73.67
2013,Chaco,Indonesia,Asia,5.3,282.54,1.88,-42.2,2010s,10,False,Productos primarios,73.67
2013,Chaco,España,Europa,4.22,282.54,1.49,18.21,2010s,11,False,Productos primarios,73.67
2014,Chaco,Resto,Otros,196.39,405.34,48.45,55.29,2010s,1,True,Productos primarios,81.1
2014,Chaco,China,Asia,87.62,405.34,21.62,91.81,2010s,2,True,Productos primarios,81.1
2014,Chaco,Italia,Europa,23.02,405.34,5.68,2.36,2010s,3,True,Productos primarios,81.1
2014,Chaco,Indonesia,Asia,20.21,405.34,4.99,281.32,2010s,4,False,Productos primarios,81.1
2014,Chaco,Chile,América Latina,19.56,405.34,4.83,29.97,2010s,5,False,Productos primarios,81.1
2014,Chaco,Egipto,África,15.91,405.34,3.93,103.45,2010s,6,False,Productos primarios,81.1
2014,Chaco,Brasil,Mercosur,11.76,405.34,2.9,-28.64,2010s,7,False,Productos primarios,81.1
2014,Chaco,México,América Latina,11.61,405.34,2.86,-19.54,2010s,8,False,Productos primarios,81.1
2014,Chaco,Estados Unidos,América del Norte,8.87,405.34,2.19,-15.36,2010s,9,False,Productos primarios,81.1
2014,Chaco,Colombia,América Latina,8.13,405.34,2.01,-42.38,2010s,10,False,Productos primarios,81.1
2014,Chaco,España,Europa,2.25,405.34,0.56,-46.68,2010s,11,False,Productos primarios,81.1
2015,Chaco,Resto,Otros,104.76,267.38,39.18,-46.66,2010s,1,True,Productos primarios,76.19
2015,Chaco,China,Asia,75.96,267.38,28.41,-13.31,2010s,2,True,Productos primarios,76.19
2015,Chaco,Italia,Europa,18.7,267.38,6.99,-18.77,2010s,3,True,Productos primarios,76.19
2015,Chaco,Chile,América Latina,12.46,267.38,4.66,-36.3,2010s,4,False,Productos primarios,76.19
2015,Chaco,Brasil,Mercosur,11.97,267.38,4.48,1.79,2010s,5,False,Productos primarios,76.19
2015,Chaco,México,América Latina,11.37,267.38,4.25,-2.07,2010s,6,False,Productos primarios,76.19
2015,Chaco,Indonesia,Asia,9.55,267.38,3.57,-52.75,2010s,7,False,Productos primarios,76.19
2015,Chaco,Egipto,África,8.94,267.38,3.34,-43.81,2010s,8,False,Productos primarios,76.19
2015,Chaco,Estados Unidos,América del Norte,8.41,267.38,3.15,-5.19,2010s,9,False,Productos primarios,76.19
2015,Chaco,Colombia,América Latina,3.19,267.38,1.19,-60.76,2010s,10,False,Productos primarios,76.19
2015,Chaco,España,Europa,2.06,267.38,0.77,-8.44,2010s,11,False,Productos primarios,76.19
2016,Chaco,Resto,Otros,185.67,367.55,50.52,77.23,2010s,1,True,Productos primarios,80.64
2016,Chaco,China,Asia,55.92,367.55,15.21,-26.38,2010s,2,True,Productos primarios,80.64
2016,Chaco,Brasil,Mercosur,26.89,367.55,7.32,124.64,2010s,3,True,Productos primarios,80.64
2016,Chaco,Italia,Europa,22.72,367.55,6.18,21.5,2010s,4,False,Productos primarios,80.64
2016,Chaco,Egipto,África,19.96,367.55,5.43,123.27,2010s,5,False,Productos primarios,80.64
2016,Chaco,Chile,América Latina,13.92,367.55,3.79,11.72,2010s,6,False,Productos primarios,80.64
2016,Chaco,Indonesia,Asia,13.08,367.55,3.56,36.96,2010s,7,False,Productos primarios,80.64
2016,Chaco,México,América Latina,12.18,367.55,3.31,7.12,2010s,8,False,Productos primarios,80.64
2016,Chaco,Colombia,América Latina,6.65,367.55,1.81,108.46,2010s,9,False,Productos primarios,80.64
2016,Chaco,Estados Unidos,América del Norte,6.61,367.55,1.8,-21.4,2010s,10,False,Productos primarios,80.64
2016,Chaco,España,Europa,3.94,367.55,1.07,91.26,2010s,11,False,Productos primarios,80.64
2017,Chaco,Resto,Otros,157.05,326.83,48.05,-15.41,2010s,1,True,Productos primarios,79.25
2017,Chaco,China,Asia,48.77,326.83,14.92,-12.79,2010s,2,True,Productos primarios,79.25
2017,Chaco,Brasil,Mercosur,25.05,326.83,7.66,-6.84,2010s,3,True,Productos primarios,79.25
2017,Chaco,Italia,Europa,23.1,326.83,7.07,1.67,2010s,4,False,Productos primarios,79.25
2017,Chaco,Chile,América Latina,18.34,326.83,5.61,31.75,2010s,5,False,Productos primarios,79.25
2017,Chaco,Egipto,África,17.76,326.83,5.43,-11.02,2010s,6,False,Productos primarios,79.25
2017,Chaco,México,América Latina,13.17,326.83,4.03,8.13,2010s,7,False,Productos primarios,79.25
2017,Chaco,Estados Unidos,América del Norte,8.47,326.83,2.59,28.14,2010s,8,False,Productos primarios,79.25
2017,Chaco,Indonesia,Asia,8.29,326.83,2.54,-36.62,2010s,9,False,Productos primarios,79.25
2017,Chaco,Colombia,América Latina,3.54,326.83,1.08,-46.77,2010s,10,False,Productos primarios,79.25
2017,Chaco,España,Europa,3.28,326.83,1.0,-16.75,2010s,11,False,Productos primarios,79.25
2018,Chaco,Resto,Otros,203.19,381.72,53.23,29.38,2010s,1,True,Productos primarios,78.58
2018,Chaco,China,Asia,42.08,381.72,11.02,-13.72,2010s,2,True,Productos primarios,78.58
2018,Chaco,Brasil,Mercosur,24.63,381.72,6.45,-1.68,2010s,3,True,Productos primarios,78.58
2018,Chaco,Chile,América Latina,24.19,381.72,6.34,31.9,2010s,4,False,Productos primarios,78.58
2018,Chaco,Italia,Europa,21.57,381.72,5.65,-6.62,2010s,5,False,Productos primarios,78.58
2018,Chaco,Indonesia,Asia,20.25,381.72,5.3,144.27,2010s,6,False,Productos primarios,78.58
2018,Chaco,Egipto,África,18.08,381.72,4.74,1.8,2010s,7,False,Productos primarios,78.58
2018,Chaco,México,América Latina,12.72,381.72,3.33,-3.42,2010s,8,False,Productos primarios,78.58
2018,Chaco,Estados Unidos,América del Norte,8.02,381.72,2.1,-5.31,2010s,9,False,Productos primarios,78.58
2018,Chaco,Colombia,América Latina,3.78,381.72,0.99,6.78,2010s,10,False,Productos primarios,78.58
2018,Chaco,España,Europa,3.22,381.72,0.84,-1.83,2010s,11,False,Productos primarios,78.58
2019,Chaco,Resto,Otros,261.42,500.35,52.25,28.66,2010s,1,True,Productos primarios,86.67
2019,Chaco,China,Asia,94.98,500.35,18.98,125.71,2010s,2,True,Productos primarios,86.67
2019,Chaco,Egipto,África,22.42,500.35,4.48,24.0,2010s,3,True,Productos primarios,86.67
2019,Chaco,Chile,América Latina,22.21,500.35,4.44,-8.19,2010s,4,False,Productos primarios,86.67
2019,Chaco,Italia,Europa,21.38,500.35,4.27,-0.88,2010s,5,False,Productos primarios,86.67
2019,Chaco,Brasil,Mercosur,20.54,500.35,4.11,-16.61,2010s,6,False,Productos primarios,86.67
2019,Chaco,Indonesia,Asia,16.73,500.35,3.34,-17.38,2010s,7,False,Productos primarios,86.67
2019,Chaco,México,América Latina,14.03,500.35,2.8,10.3,2010s,8,False,Productos primarios,86.67
2019,Chaco,Estados Unidos,América del Norte,11.78,500.35,2.35,46.88,2010s,9,False,Productos primarios,86.67
2019,Chaco,Colombia,América Latina,9.09,500.35,1.82,140.48,2010s,10,False,Productos primarios,86.67
2019,Chaco,España,Europa,5.78,500.35,1.16,79.5,2010s,11,False,Productos primarios,86.67
2020,Chaco,Resto,Otros,191.88,375.96,51.04,-26.6,2020s,1,True,Productos primarios,86.62
2020,Chaco,China,Asia,65.52,375.96,17.43,-31.02,2020s,2,True,Productos primarios,86.62
2020,Chaco,Brasil,Mercosur,21.89,375.96,5.82,6.57,2020s,3,True,Productos primarios,86.62
2020,Chaco,Egipto,África,20.2,375.96,5.37,-9.9,2020s,4,False,Productos primarios,86.62
2020,Chaco,Chile,América Latina,19.39,375.96,5.16,-12.7,2020s,5,False,Productos primarios,86.62
2020,Chaco,Italia,Europa,17.17,375.96,4.57,-19.69,2020s,6,False,Productos primarios,86.62
2020,Chaco,Indonesia,Asia,13.64,375.96,3.63,-18.47,2020s,7,False,Productos primarios,86.62
2020,Chaco,Estados Unidos,América del Norte,10.59,375.96,2.82,-10.1,2020s,8,False,Productos primarios,86.62
2020,Chaco,México,América Latina,8.69,375.96,2.31,-38.06,2020s,9,False,Productos primarios,86.62
2020,Chaco,España,Europa,3.63,375.96,0.97,-37.2,2020s,10,False,Productos primarios,86.62
2020,Chaco,Colombia,América Latina,3.36,375.96,0.89,-63.04,2020s,11,False,Productos primarios,86.62
2021,Chaco,Resto,Otros,203.94,419.22,48.65,6.29,2020s,1,True,Productos primarios,82.57
2021,Chaco,China,Asia,91.69,419.22,21.87,39.94,2020s,2,True,Productos primarios,82.57
2021,Chaco,Italia,Europa,24.34,419.22,5.81,41.76,2020s,3,True,Productos primarios,82.57
2021,Chaco,Chile,América Latina,20.11,419.22,4.8,3.71,2020s,4,False,Productos primarios,82.57
2021,Chaco,Egipto,África,20.0,419.22,4.77,-0.99,2020s,5,False,Productos primarios,82.57
2021,Chaco,Brasil,Mercosur,18.81,419.22,4.49,-14.07,2020s,6,False,Productos primarios,82.57
2021,Chaco,México,América Latina,15.05,419.22,3.59,73.19,2020s,7,False,Productos primarios,82.57
2021,Chaco,Estados Unidos,América del Norte,8.41,419.22,2.01,-20.59,2020s,8,False,Productos primarios,82.57
2021,Chaco,Indonesia,Asia,7.99,419.22,1.91,-41.42,2020s,9,False,Productos primarios,82.57
2021,Chaco,Colombia,América Latina,5.86,419.22,1.4,74.4,2020s,10,False,Productos primarios,82.57
2021,Chaco,España,Europa,3.0,419.22,0.72,-17.36,2020s,11,False,Productos primarios,82.57
2022,Chaco,Resto,Otros,251.3,516.24,48.68,23.22,2020s,1,True,Productos primarios,89.37
2022,Chaco,China,Asia,145.78,516.24,28.24,58.99,2020s,2,True,Productos primarios,89.37
2022,Chaco,Chile,América Latina,20.57,516.24,3.98,2.29,2020s,3,True,Productos primarios,89.37
2022,Chaco,Brasil,Mercosur,20.53,516.24,3.98,9.14,2020s,4,False,Productos primarios,89.37
2022,Chaco,Italia,Europa,17.08,516.24,3.31,-29.83,2020s,5,False,Productos primarios,89.37
2022,Chaco,Egipto,África,14.36,516.24,2.78,-28.2,2020s,6,False,Productos primarios,89.37
2022,Chaco,Indonesia,Asia,13.73,516.24,2.66,71.84,2020s,7,False,Productos primarios,89.37
2022,Chaco,Estados Unidos,América del Norte,11.7,516.24,2.27,39.12,2020s,8,False,Productos primarios,89.37
2022,Chaco,México,América Latina,10.34,516.24,2.0,-31.3,2020s,9,False,Productos primarios,89.37
2022,Chaco,Colombia,América Latina,7.26,516.24,1.41,23.89,2020s,10,False,Productos primarios,89.37
2022,Chaco,España,Europa,3.58,516.24,0.69,19.33,2020s,11,False,Productos primarios,89.37
2023,Chaco,Resto,Otros,138.14,303.09,45.58,-45.03,2020s,1,True,Productos primarios,78.01
2023,Chaco,China,Asia,75.79,303.09,25.01,-48.01,2020s,2,True,Productos primarios,78.01
2023,Chaco,Chile,América Latina,17.57,303.09,5.8,-14.58,2020s,3,True,Productos primarios,78.01
2023,Chaco,Italia,Europa,14.8,303.09,4.88,-13.35,2020s,4,False,Productos primarios,78.01
2023,Chaco,Brasil,Mercosur,13.89,303.09,4.58,-32.34,2020s,5,False,Productos primarios,78.01
2023,Chaco,México,América Latina,12.06,303.09,3.98,16.63,2020s,6,False,Productos primarios,78.01
2023,Chaco,Estados Unidos,América del Norte,10.2,303.09,3.37,-12.82,2020s,7,False,Productos primarios,78.01
2023,Chaco,Egipto,África,7.79,303.09,2.57,-45.75,2020s,8,False,Productos primarios,78.01
2023,Chaco,Indonesia,Asia,5.76,303.09,1.9,-58.05,2020s,9,False,Productos primarios,78.01
2023,Chaco,Colombia,América Latina,4.81,303.09,1.59,-33.75,2020s,10,False,Productos primarios,78.01
2023,Chaco,España,Europa,2.28,303.09,0.75,-36.31,2020s,11,False,Productos primarios,78.01
2024,Chaco,Resto,Otros,193.75,401.74,48.23,40.26,2020s,1,True,Productos primarios,81.3
2024,Chaco,China,Asia,110.93,401.74,27.61,46.36,2020s,2,True,Productos primarios,81.3
2024,Chaco,Chile,América Latina,19.76,401.74,4.92,12.46,2020s,3,True,Productos primarios,81.3
2024,Chaco,Brasil,Mercosur,18.12,401.74,4.51,30.45,2020s,4,False,Productos primarios,81.3
2024,Chaco,Italia,Europa,14.71,401.74,3.66,-0.61,2020s,5,False,Productos primarios,81.3
2024,Chaco,México,América Latina,13.23,401.74,3.29,9.7,2020s,6,False,Productos primarios,81.3
2024,Chaco,Estados Unidos,América del Norte,11.92,401.74,2.97,16.86,2020s,7,False,Productos primarios,81.3
2024,Chaco,Indonesia,Asia,11.12,401.74,2.77,93.06,2020s,8,False,Productos primarios,81.3
2024,Chaco,Egipto,África,3.68,401.74,0.92,-52.76,2020s,9,False,Productos primarios,81.3
2024,Chaco,España,Europa,2.91,401.74,0.72,27.63,2020s,10,False,Productos primarios,81.3
2024,Chaco,Colombia,América Latina,1.61,401.74,0.4,-66.53,2020s,11,False,Productos primarios,81.3
1993,Corrientes,Brasil,Mercosur,23.82,65.88,36.16,,1990s,1,True,Productos primarios,63.96
1993,Corrientes,Resto,Otros,18.07,65.88,27.43,,1990s,2,True,Productos primarios,63.96
1993,Corrientes,Países Bajos,Europa,11.51,65.88,17.47,,1990s,3,True,Productos primarios,63.96
1993,Corrientes,Chile,América Latina,4.84,65.88,7.35,,1990s,4,False,Productos primarios,63.96
1993,Corrientes,Estados Unidos,América del Norte,4.41,65.88,6.69,,1990s,5,False,Productos primarios,63.96
1993,Corrientes,Reino Unido,Europa,1.7,65.88,2.58,,1990s,6,False,Productos primarios,63.96
1993,Corrientes,Italia,Europa,1.06,65.88,1.61,,1990s,7,False,Productos primarios,63.96
1993,Corrientes,Rusia,Europa,0.26,65.88,0.39,,1990s,8,False,Productos primarios,63.96
1993,Corrientes,España,Europa,0.13,65.88,0.2,,1990s,9,False,Productos primarios,63.96
1993,Corrientes,Venezuela,América Latina,0.08,65.88,0.12,,1990s,10,False,Productos primarios,63.96
1993,Corrientes,Iraq,Asia,0.0,65.88,0.0,,1990s,11,False,Productos primarios,63.96
1994,Corrientes,Resto,Otros,39.43,97.26,40.54,118.21,1990s,1,True,Productos primarios,64.43
1994,Corrientes,Brasil,Mercosur,29.43,97.26,30.26,23.55,1990s,2,True,Productos primarios,64.43
1994,Corrientes,Países Bajos,Europa,9.88,97.26,10.16,-14.16,1990s,3,True,Productos primarios,64.43
1994,Corrientes,Chile,América Latina,7.08,97.26,7.28,46.28,1990s,4,False,Productos primarios,64.43
1994,Corrientes,Reino Unido,Europa,3.24,97.26,3.33,90.59,1990s,5,False,Productos primarios,64.43
1994,Corrientes,Italia,Europa,2.94,97.26,3.02,177.36,1990s,6,False,Productos primarios,64.43
1994,Corrientes,Estados Unidos,América del Norte,2.46,97.26,2.53,-44.22,1990s,7,False,Productos primarios,64.43
1994,Corrientes,España,Europa,2.31,97.26,2.38,1676.92,1990s,8,False,Productos primarios,64.43
1994,Corrientes,Rusia,Europa,0.44,97.26,0.45,69.23,1990s,9,False,Productos primarios,64.43
1994,Corrientes,Venezuela,América Latina,0.05,97.26,0.05,-37.5,1990s,10,False,Productos primarios,64.43
1994,Corrientes,Iraq,Asia,0.0,97.26,0.0,,1990s,11,False,Productos primarios,64.43
1995,Corrientes,Brasil,Mercosur,71.18,144.95,49.11,141.86,1990s,1,True,Productos primarios,73.75
1995,Corrientes,Resto,Otros,44.03,144.95,30.38,11.67,1990s,2,True,Productos primarios,73.75
1995,Corrientes,Países Bajos,Europa,8.3,144.95,5.73,-15.99,1990s,3,True,Productos primarios,73.75
1995,Corrientes,España,Europa,7.94,144.95,5.48,243.72,1990s,4,False,Productos primarios,73.75
1995,Corrientes,Chile,América Latina,5.84,144.95,4.03,-17.51,1990s,5,False,Productos primarios,73.75
1995,Corrientes,Reino Unido,Europa,3.94,144.95,2.72,21.6,1990s,6,False,Productos primarios,73.75
1995,Corrientes,Italia,Europa,1.64,144.95,1.13,-44.22,1990s,7,False,Productos primarios,73.75
1995,Corrientes,Estados Unidos,América del Norte,1.56,144.95,1.08,-36.59,1990s,8,False,Productos primarios,73.75
1995,Corrientes,Rusia,Europa,0.36,144.95,0.25,-18.18,1990s,9,False,Productos primarios,73.75
1995,Corrientes,Venezuela,América Latina,0.15,144.95,0.1,200.0,1990s,10,False,Productos primarios,73.75
1995,Corrientes,Iraq,Asia,0.0,144.95,0.0,,1990s,11,False,Productos primarios,73.75
1996,Corrientes,Brasil,Mercosur,52.46,121.43,43.2,-26.3,1990s,1,True,Productos primarios,76.82
1996,Corrientes,Resto,Otros,29.81,121.43,24.55,-32.3,1990s,2,True,Productos primarios,76.82
1996,Corrientes,Países Bajos,Europa,15.82,121.43,13.03,90.6,1990s,3,True,Productos primarios,76.82
1996,Corrientes,España,Europa,5.88,121.43,4.84,-25.94,1990s,4,False,Productos primarios,76.82
1996,Corrientes,Chile,América Latina,5.32,121.43,4.38,-8.9,1990s,5,False,Productos primarios,76.82
1996,Corrientes,Estados Unidos,América del Norte,4.91,121.43,4.04,214.74,1990s,6,False,Productos primarios,76.82
1996,Corrientes,Reino Unido,Europa,4.15,121.43,3.42,5.33,1990s,7,False,Productos primarios,76.82
1996,Corrientes,Rusia,Europa,2.48,121.43,2.04,588.89,1990s,8,False,Productos primarios,76.82
1996,Corrientes,Italia,Europa,0.51,121.43,0.42,-68.9,1990s,9,False,Productos primarios,76.82
1996,Corrientes,Venezuela,América Latina,0.08,121.43,0.07,-46.67,1990s,10,False,Productos primarios,76.82
1996,Corrientes,Iraq,Asia,0.0,121.43,0.0,,1990s,11,False,Productos primarios,76.82
1997,Corrientes,Brasil,Mercosur,55.16,127.57,43.24,5.15,1990s,1,True,Productos primarios,78.26
1997,Corrientes,Resto,Otros,34.3,127.57,26.89,15.06,1990s,2,True,Productos primarios,78.26
1997,Corrientes,Países Bajos,Europa,13.93,127.57,10.92,-11.95,1990s,3,True,Productos primarios,78.26
1997,Corrientes,Chile,América Latina,6.53,127.57,5.12,22.74,1990s,4,False,Productos primarios,78.26
1997,Corrientes,España,Europa,4.6,127.57,3.61,-21.77,1990s,5,False,Productos primarios,78.26
1997,Corrientes,Estados Unidos,América del Norte,4.56,127.57,3.57,-7.13,1990s,6,False,Productos primarios,78.26
1997,Corrientes,Reino Unido,Europa,3.74,127.57,2.93,-9.88,1990s,7,False,Productos primarios,78.26
1997,Corrientes,Rusia,Europa,3.47,127.57,2.72,39.92,1990s,8,False,Productos primarios,78.26
1997,Corrientes,Italia,Europa,1.21,127.57,0.95,137.25,1990s,9,False,Productos primarios,78.26
1997,Corrientes,Venezuela,América Latina,0.06,127.57,0.05,-25.0,1990s,10,False,Productos primarios,78.26
1997,Corrientes,Iraq,Asia,0.0,127.57,0.0,,1990s,11,False,Productos primarios,78.26
1998,Corrientes,Brasil,Mercosur,65.77,111.82,58.82,19.23,1990s,1,True,Productos primarios,73.16
1998,Corrientes,Resto,Otros,19.46,111.82,17.4,-43.27,1990s,2,True,Productos primarios,73.16
1998,Corrientes,Países Bajos,Europa,7.29,111.82,6.52,-47.67,1990s,3,True,Productos primarios,73.16
1998,Corrientes,España,Europa,6.33,111.82,5.66,37.61,1990s,4,False,Productos primarios,73.16
1998,Corrientes,Chile,América Latina,4.21,111.82,3.76,-35.53,1990s,5,False,Productos primarios,73.16
1998,Corrientes,Estados Unidos,América del Norte,2.78,111.82,2.49,-39.04,1990s,6,False,Productos primarios,73.16
1998,Corrientes,Italia,Europa,2.49,111.82,2.23,105.79,1990s,7,False,Productos primarios,73.16
1998,Corrientes,Reino Unido,Europa,1.94,111.82,1.73,-48.13,1990s,8,False,Productos primarios,73.16
1998,Corrientes,Rusia,Europa,1.5,111.82,1.34,-56.77,1990s,9,False,Productos primarios,73.16
1998,Corrientes,Venezuela,América Latina,0.06,111.82,0.05,0.0,1990s,10,False,Productos primarios,73.16
1998,Corrientes,Iraq,Asia,0.0,111.82,0.0,,1990s,11,False,Productos primarios,73.16
1999,Corrientes,Brasil,Mercosur,55.28,117.64,46.99,-15.95,1990s,1,True,Productos primarios,79.33
1999,Corrientes,Resto,Otros,27.8,117.64,23.63,42.86,1990s,2,True,Productos primarios,79.33
1999,Corrientes,Chile,América Latina,10.73,117.64,9.12,154.87,1990s,3,True,Productos primarios,79.33
1999,Corrientes,Países Bajos,Europa,5.59,117.64,4.75,-23.32,1990s,4,False,Productos primarios,79.33
1999,Corrientes,España,Europa,5.41,117.64,4.6,-14.53,1990s,5,False,Productos primarios,79.33
1999,Corrientes,Italia,Europa,4.38,117.64,3.72,75.9,1990s,6,False,Productos primarios,79.33
1999,Corrientes,Estados Unidos,América del Norte,4.18,117.64,3.55,50.36,1990s,7,False,Productos primarios,79.33
1999,Corrientes,Rusia,Europa,2.7,117.64,2.3,80.0,1990s,8,False,Productos primarios,79.33
1999,Corrientes,Reino Unido,Europa,1.58,117.64,1.34,-18.56,1990s,9,False,Productos primarios,79.33
1999,Corrientes,Iraq,Asia,0.0,117.64,0.0,,1990s,10,False,Productos primarios,79.33
1999,Corrientes,Venezuela,América Latina,0.0,117.64,0.0,-100.0,1990s,11,False,Productos primarios,79.33
2000,Corrientes,Resto,Otros,33.14,93.18,35.57,19.21,2000s,1,True,Productos primarios,70.43
2000,Corrientes,Brasil,Mercosur,32.4,93.18,34.77,-41.39,2000s,2,True,Productos primarios,70.43
2000,Corrientes,Chile,América Latina,8.25,93.18,8.85,-23.11,2000s,3,True,Productos primarios,70.43
2000,Corrientes,Estados Unidos,América del Norte,6.63,93.18,7.12,58.61,2000s,4,False,Productos primarios,70.43
2000,Corrientes,Países Bajos,Europa,3.8,93.18,4.08,-32.02,2000s,5,False,Productos primarios,70.43
2000,Corrientes,España,Europa,3.14,93.18,3.37,-41.96,2000s,6,False,Productos primarios,70.43
2000,Corrientes,Italia,Europa,2.84,93.18,3.05,-35.16,2000s,7,False,Productos primarios,70.43
2000,Corrientes,Reino Unido,Europa,1.7,93.18,1.82,7.59,2000s,8,False,Productos primarios,70.43
2000,Corrientes,Rusia,Europa,1.27,93.18,1.36,-52.96,2000s,9,False,Productos primarios,70.43
2000,Corrientes,Iraq,Asia,0.0,93.18,0.0,,2000s,10,False,Productos primarios,70.43
2000,Corrientes,Venezuela,América Latina,0.0,93.18,0.0,,2000s,11,False,Productos primarios,70.43
2001,Corrientes,Resto,Otros,26.9,79.91,33.66,-18.83,2000s,1,True,Productos primarios,67.54
2001,Corrientes,Brasil,Mercosur,22.04,79.91,27.58,-31.98,2000s,2,True,Productos primarios,67.54
2001,Corrientes,Chile,América Latina,7.5,79.91,9.39,-9.09,2000s,3,True,Productos primarios,67.54
2001,Corrientes,Estados Unidos,América del Norte,6.95,79.91,8.7,4.83,2000s,4,False,Productos primarios,67.54
2001,Corrientes,España,Europa,6.36,79.91,7.96,102.55,2000s,5,False,Productos primarios,67.54
2001,Corrientes,Países Bajos,Europa,3.38,79.91,4.23,-11.05,2000s,6,False,Productos primarios,67.54
2001,Corrientes,Italia,Europa,2.19,79.91,2.74,-22.89,2000s,7,False,Productos primarios,67.54
2001,Corrientes,Rusia,Europa,2.15,79.91,2.69,69.29,2000s,8,False,Productos primarios,67.54
2001,Corrientes,Reino Unido,Europa,2.13,79.91,2.67,25.29,2000s,9,False,Productos primarios,67.54
2001,Corrientes,Venezuela,América Latina,0.31,79.91,0.39,,2000s,10,False,Productos primarios,67.54
2001,Corrientes,Iraq,Asia,0.0,79.91,0.0,,2000s,11,False,Productos primarios,67.54
2002,Corrientes,Resto,Otros,22.93,73.88,31.04,-14.76,2000s,1,True,Productos primarios,52.67
2002,Corrientes,Estados Unidos,América del Norte,18.17,73.88,24.59,161.44,2000s,2,True,Productos primarios,52.67
2002,Corrientes,Brasil,Mercosur,16.03,73.88,21.7,-27.27,2000s,3,True,Productos primarios,52.67
2002,Corrientes,Chile,América Latina,4.96,73.88,6.71,-33.87,2000s,4,False,Productos primarios,52.67
2002,Corrientes,España,Europa,4.89,73.88,6.62,-23.11,2000s,5,False,Productos primarios,52.67
2002,Corrientes,Países Bajos,Europa,2.82,73.88,3.82,-16.57,2000s,6,False,Productos primarios,52.67
2002,Corrientes,Reino Unido,Europa,1.96,73.88,2.65,-7.98,2000s,7,False,Productos primarios,52.67
2002,Corrientes,Venezuela,América Latina,1.11,73.88,1.5,258.06,2000s,8,False,Productos primarios,52.67
2002,Corrientes,Italia,Europa,1.02,73.88,1.38,-53.42,2000s,9,False,Productos primarios,52.67
2002,Corrientes,Iraq,Asia,0.0,73.88,0.0,,2000s,10,False,Productos primarios,52.67
2002,Corrientes,Rusia,Europa,0.0,73.88,0.0,-100.0,2000s,11,False,Productos primarios,52.67
2003,Corrientes,Brasil,Mercosur,24.31,73.48,33.08,51.65,2000s,1,True,Productos primarios,59.39
2003,Corrientes,Resto,Otros,16.97,73.48,23.09,-25.99,2000s,2,True,Productos primarios,59.39
2003,Corrientes,Estados Unidos,América del Norte,16.03,73.48,21.82,-11.78,2000s,3,True,Productos primarios,59.39
2003,Corrientes,España,Europa,4.5,73.48,6.12,-7.98,2000s,4,False,Productos primarios,59.39
2003,Corrientes,Países Bajos,Europa,4.02,73.48,5.47,42.55,2000s,5,False,Productos primarios,59.39
2003,Corrientes,Chile,América Latina,2.15,73.48,2.93,-56.65,2000s,6,False,Productos primarios,59.39
2003,Corrientes,Reino Unido,Europa,2.11,73.48,2.87,7.65,2000s,7,False,Productos primarios,59.39
2003,Corrientes,Rusia,Europa,2.05,73.48,2.79,,2000s,8,False,Productos primarios,59.39
2003,Corrientes,Italia,Europa,1.31,73.48,1.78,28.43,2000s,9,False,Productos primarios,59.39
2003,Corrientes,Venezuela,América Latina,0.03,73.48,0.04,-97.3,2000s,10,False,Productos primarios,59.39
2003,Corrientes,Iraq,Asia,0.0,73.48,0.0,,2000s,11,False,Productos primarios,59.39
2004,Corrientes,Brasil,Mercosur,37.39,110.58,33.81,53.81,2000s,1,True,Productos primarios,60.67
2004,Corrientes,Estados Unidos,América del Norte,23.88,110.58,21.6,48.97,2000s,2,True,Productos primarios,60.67
2004,Corrientes,Resto,Otros,20.98,110.58,18.97,23.63,2000s,3,True,Productos primarios,60.67
2004,Corrientes,Países Bajos,Europa,7.69,110.58,6.95,91.29,2000s,4,False,Productos primarios,60.67
2004,Corrientes,Rusia,Europa,5.79,110.58,5.24,182.44,2000s,5,False,Productos primarios,60.67
2004,Corrientes,España,Europa,4.87,110.58,4.4,8.22,2000s,6,False,Productos primarios,60.67
2004,Corrientes,Reino Unido,Europa,4.31,110.58,3.9,104.27,2000s,7,False,Productos primarios,60.67
2004,Corrientes,Chile,América Latina,2.49,110.58,2.25,15.81,2000s,8,False,Productos primarios,60.67
2004,Corrientes,Italia,Europa,1.78,110.58,1.61,35.88,2000s,9,False,Productos primarios,60.67
2004,Corrientes,Venezuela,América Latina,1.41,110.58,1.28,4600.0,2000s,10,False,Productos primarios,60.67
2004,Corrientes,Iraq,Asia,0.0,110.58,0.0,,2000s,11,False,Productos primarios,60.67
2005,Corrientes,Brasil,Mercosur,30.73,99.94,30.75,-17.81,2000s,1,True,Productos primarios,63.76
2005,Corrientes,Resto,Otros,22.17,99.94,22.18,5.67,2000s,2,True,Productos primarios,63.76
2005,Corrientes,Estados Unidos,América del Norte,16.65,99.94,16.66,-30.28,2000s,3,True,Productos primarios,63.76
2005,Corrientes,Chile,América Latina,13.13,99.94,13.14,427.31,2000s,4,False,Productos primarios,63.76
2005,Corrientes,Rusia,Europa,5.69,99.94,5.69,-1.73,2000s,5,False,Productos primarios,63.76
2005,Corrientes,España,Europa,4.91,99.94,4.91,0.82,2000s,6,False,Productos primarios,63.76
2005,Corrientes,Países Bajos,Europa,3.03,99.94,3.03,-60.6,2000s,7,False,Productos primarios,63.76
2005,Corrientes,Reino Unido,Europa,1.7,99.94,1.7,-60.56,2000s,8,False,Productos primarios,63.76
2005,Corrientes,Venezuela,América Latina,1.03,99.94,1.03,-26.95,2000s,9,False,Productos primarios,63.76
2005,Corrientes,Italia,Europa,0.9,99.94,0.9,-49.44,2000s,10,False,Productos primarios,63.76
2005,Corrientes,Iraq,Asia,0.0,99.94,0.0,,2000s,11,False,Productos primarios,63.76
2006,Corrientes,Brasil,Mercosur,41.48,132.21,31.37,34.98,2000s,1,True,Productos primarios,66.9
2006,Corrientes,Estados Unidos,América del Norte,27.25,132.21,20.61,63.66,2000s,2,True,Productos primarios,66.9
2006,Corrientes,Resto,Otros,23.49,132.21,17.77,5.95,2000s,3,True,Productos primarios,66.9
2006,Corrientes,Chile,América Latina,12.28,132.21,9.29,-6.47,2000s,4,False,Productos primarios,66.9
2006,Corrientes,Rusia,Europa,7.63,132.21,5.77,34.09,2000s,5,False,Productos primarios,66.9
2006,Corrientes,España,Europa,5.57,132.21,4.21,13.44,2000s,6,False,Productos primarios,66.9
2006,Corrientes,Países Bajos,Europa,4.86,132.21,3.68,60.4,2000s,7,False,Productos primarios,66.9
2006,Corrientes,Iraq,Asia,4.46,132.21,3.37,,2000s,8,False,Productos primarios,66.9
2006,Corrientes,Reino Unido,Europa,3.55,132.21,2.69,108.82,2000s,9,False,Productos primarios,66.9
2006,Corrientes,Italia,Europa,1.62,132.21,1.23,80.0,2000s,10,False,Productos primarios,66.9
2006,Corrientes,Venezuela,América Latina,0.02,132.21,0.02,-98.06,2000s,11,False,Productos primarios,66.9
2007,Corrientes,Brasil,Mercosur,46.03,136.36,33.76,10.97,2000s,1,True,Productos primarios,71.59
2007,Corrientes,Resto,Otros,27.15,136.36,19.91,15.58,2000s,2,True,Productos primarios,71.59
2007,Corrientes,Estados Unidos,América del Norte,17.73,136.36,13.0,-34.94,2000s,3,True,Productos primarios,71.59
2007,Corrientes,Chile,América Latina,14.15,136.36,10.38,15.23,2000s,4,False,Productos primarios,71.59
2007,Corrientes,Rusia,Europa,8.62,136.36,6.32,12.98,2000s,5,False,Productos primarios,71.59
2007,Corrientes,Países Bajos,Europa,6.2,136.36,4.55,27.57,2000s,6,False,Productos primarios,71.59
2007,Corrientes,España,Europa,5.68,136.36,4.17,1.97,2000s,7,False,Productos primarios,71.59
2007,Corrientes,Iraq,Asia,4.91,136.36,3.6,10.09,2000s,8,False,Productos primarios,71.59
2007,Corrientes,Reino Unido,Europa,3.33,136.36,2.44,-6.2,2000s,9,False,Productos primarios,71.59
2007,Corrientes,Italia,Europa,2.56,136.36,1.88,58.02,2000s,10,False,Productos primarios,71.59
2007,Corrientes,Venezuela,América Latina,0.0,136.36,0.0,-100.0,2000s,11,False,Productos primarios,71.59
2008,Corrientes,Brasil,Mercosur,79.49,212.73,37.37,72.69,2000s,1,True,Productos primarios,66.33
2008,Corrientes,Resto,Otros,49.58,212.73,23.31,82.62,2000s,2,True,Productos primarios,66.33
2008,Corrientes,Chile,América Latina,22.27,212.73,10.47,57.39,2000s,3,True,Productos primarios,66.33
2008,Corrientes,Estados Unidos,América del Norte,15.43,212.73,7.25,-12.97,2000s,4,False,Productos primarios,66.33
2008,Corrientes,Venezuela,América Latina,10.01,212.73,4.71,,2000s,5,False,Productos primarios,66.33
2008,Corrientes,Rusia,Europa,9.3,212.73,4.37,7.89,2000s,6,False,Productos primarios,66.33
2008,Corrientes,Países Bajos,Europa,7.61,212.73,3.58,22.74,2000s,7,False,Productos primarios,66.33
2008,Corrientes,Iraq,Asia,7.09,212.73,3.33,44.4,2000s,8,False,Productos primarios,66.33
2008,Corrientes,España,Europa,5.13,212.73,2.41,-9.68,2000s,9,False,Productos primarios,66.33
2008,Corrientes,Italia,Europa,3.59,212.73,1.69,40.23,2000s,10,False,Productos primarios,66.33
2008,Corrientes,Reino Unido,Europa,3.22,212.73,1.51,-3.3,2000s,11,False,Productos primarios,66.33
2009,Corrientes,Resto,Otros,51.42,178.2,28.86,3.71,2000s,1,True,Productos primarios,76.31
2009,Corrientes,Brasil,Mercosur,46.29,178.2,25.98,-41.77,2000s,2,True,Productos primarios,76.31
2009,Corrientes,Chile,América Latina,22.96,178.2,12.88,3.1,2000s,3,True,Productos primarios,76.31
2009,Corrientes,Iraq,Asia,14.89,178.2,8.36,110.01,2000s,4,False,Productos primarios,76.31
2009,Corrientes,Estados Unidos,América del Norte,12.98,178.2,7.28,-15.88,2000s,5,False,Productos primarios,76.31
2009,Corrientes,Venezuela,América Latina,8.23,178.2,4.62,-17.78,2000s,6,False,Productos primarios,76.31
2009,Corrientes,España,Europa,5.13,178.2,2.88,0.0,2000s,7,False,Productos primarios,76.31
2009,Corrientes,Países Bajos,Europa,4.9,178.2,2.75,-35.61,2000s,8,False,Productos primarios,76.31
2009,Corrientes,Rusia,Europa,4.65,178.2,2.61,-50.0,2000s,9,False,Productos primarios,76.31
2009,Corrientes,Italia,Europa,3.74,178.2,2.1,4.18,2000s,10,False,Productos primarios,76.31
2009,Corrientes,Reino Unido,Europa,3.01,178.2,1.69,-6.52,2000s,11,False,Productos primarios,76.31
2010,Corrientes,Brasil,Mercosur,49.41,155.07,31.86,6.74,2010s,1,True,Productos primarios,70.99
2010,Corrientes,Resto,Otros,34.55,155.07,22.28,-32.81,2010s,2,True,Productos primarios,70.99
2010,Corrientes,Estados Unidos,América del Norte,20.01,155.07,12.9,54.16,2010s,3,True,Productos primarios,70.99
2010,Corrientes,Chile,América Latina,16.3,155.07,10.51,-29.01,2010s,4,False,Productos primarios,70.99
2010,Corrientes,Venezuela,América Latina,14.41,155.07,9.29,75.09,2010s,5,False,Productos primarios,70.99
2010,Corrientes,Rusia,Europa,6.05,155.07,3.9,30.11,2010s,6,False,Productos primarios,70.99
2010,Corrientes,Países Bajos,Europa,5.51,155.07,3.55,12.45,2010s,7,False,Productos primarios,70.99
2010,Corrientes,España,Europa,4.38,155.07,2.82,-14.62,2010s,8,False,Productos primarios,70.99
2010,Corrientes,Italia,Europa,2.91,155.07,1.88,-22.19,2010s,9,False,Productos primarios,70.99
2010,Corrientes,Reino Unido,Europa,1.54,155.07,0.99,-48.84,2010s,10,False,Productos primarios,70.99
2010,Corrientes,Iraq,Asia,0.0,155.07,0.0,-100.0,2010s,11,False,Productos primarios,70.99
2011,Corrientes,Resto,Otros,73.95,278.84,26.52,114.04,2010s,1,True,Productos primarios,80.26
2011,Corrientes,Brasil,Mercosur,68.01,278.84,24.39,37.64,2010s,2,True,Productos primarios,80.26
2011,Corrientes,Venezuela,América Latina,23.84,278.84,8.55,65.44,2010s,3,True,Productos primarios,80.26
2011,Corrientes,Rusia,Europa,19.62,278.84,7.04,224.3,2010s,4,False,Productos primarios,80.26
2011,Corrientes,Países Bajos,Europa,18.89,278.84,6.77,242.83,2010s,5,False,Productos primarios,80.26
2011,Corrientes,Estados Unidos,América del Norte,17.6,278.84,6.31,-12.04,2010s,6,False,Productos primarios,80.26
2011,Corrientes,Chile,América Latina,16.49,278.84,5.91,1.17,2010s,7,False,Productos primarios,80.26
2011,Corrientes,Iraq,Asia,15.5,278.84,5.56,,2010s,8,False,Productos primarios,80.26
2011,Corrientes,España,Europa,13.28,278.84,4.76,203.2,2010s,9,False,Productos primarios,80.26
2011,Corrientes,Italia,Europa,6.86,278.84,2.46,135.74,2010s,10,False,Productos primarios,80.26
2011,Corrientes,Reino Unido,Europa,4.78,278.84,1.71,210.39,2010s,11,False,Productos primarios,80.26
2012,Corrientes,Resto,Otros,65.7,239.85,27.39,-11.16,2010s,1,True,Productos primarios,82.64
2012,Corrientes,Brasil,Mercosur,62.96,239.85,26.25,-7.43,2010s,2,True,Productos primarios,82.64
2012,Corrientes,Estados Unidos,América del Norte,22.54,239.85,9.4,28.07,2010s,3,True,Productos primarios,82.64
2012,Corrientes,Chile,América Latina,18.42,239.85,7.68,11.7,2010s,4,False,Productos primarios,82.64
2012,Corrientes,Rusia,Europa,17.01,239.85,7.09,-13.3,2010s,5,False,Productos primarios,82.64
2012,Corrientes,Países Bajos,Europa,16.18,239.85,6.75,-14.35,2010s,6,False,Productos primarios,82.64
2012,Corrientes,Iraq,Asia,13.97,239.85,5.82,-9.87,2010s,7,False,Productos primarios,82.64
2012,Corrientes,España,Europa,8.33,239.85,3.47,-37.27,2010s,8,False,Productos primarios,82.64
2012,Corrientes,Reino Unido,Europa,5.03,239.85,2.1,5.23,2010s,9,False,Productos primarios,82.64
2012,Corrientes,Italia,Europa,4.97,239.85,2.07,-27.55,2010s,10,False,Productos primarios,82.64
2012,Corrientes,Venezuela,América Latina,4.75,239.85,1.98,-80.08,2010s,11,False,Productos primarios,82.64
2013,Corrientes,Resto,Otros,72.25,255.14,28.32,9.97,2010s,1,True,Productos primarios,81.87
2013,Corrientes,Brasil,Mercosur,64.65,255.14,25.34,2.68,2010s,2,True,Productos primarios,81.87
2013,Corrientes,Iraq,Asia,33.68,255.14,13.2,141.09,2010s,3,True,Productos primarios,81.87
2013,Corrientes,Estados Unidos,América del Norte,24.62,255.14,9.65,9.23,2010s,4,False,Productos primarios,81.87
2013,Corrientes,Rusia,Europa,18.12,255.14,7.1,6.53,2010s,5,False,Productos primarios,81.87
2013,Corrientes,Chile,América Latina,15.14,255.14,5.93,-17.81,2010s,6,False,Productos primarios,81.87
2013,Corrientes,Países Bajos,Europa,9.53,255.14,3.74,-41.1,2010s,7,False,Productos primarios,81.87
2013,Corrientes,España,Europa,7.98,255.14,3.13,-4.2,2010s,8,False,Productos primarios,81.87
2013,Corrientes,Italia,Europa,5.8,255.14,2.27,16.7,2010s,9,False,Productos primarios,81.87
2013,Corrientes,Reino Unido,Europa,3.28,255.14,1.29,-34.79,2010s,10,False,Productos primarios,81.87
2013,Corrientes,Venezuela,América Latina,0.09,255.14,0.04,-98.11,2010s,11,False,Productos primarios,81.87
2014,Corrientes,Resto,Otros,64.4,232.93,27.65,-10.87,2010s,1,True,Productos primarios,76.62
2014,Corrientes,Iraq,Asia,46.44,232.93,19.94,37.89,2010s,2,True,Productos primarios,76.62
2014,Corrientes,Brasil,Mercosur,35.34,232.93,15.17,-45.34,2010s,3,True,Productos primarios,76.62
2014,Corrientes,Estados Unidos,América del Norte,25.52,232.93,10.96,3.66,2010s,4,False,Productos primarios,76.62
2014,Corrientes,Rusia,Europa,15.44,232.93,6.63,-14.79,2010s,5,False,Productos primarios,76.62
2014,Corrientes,Chile,América Latina,13.53,232.93,5.81,-10.63,2010s,6,False,Productos primarios,76.62
2014,Corrientes,Venezuela,América Latina,9.83,232.93,4.22,10822.22,2010s,7,False,Productos primarios,76.62
2014,Corrientes,España,Europa,7.73,232.93,3.32,-3.13,2010s,8,False,Productos primarios,76.62
2014,Corrientes,Países Bajos,Europa,6.59,232.93,2.83,-30.85,2010s,9,False,Productos primarios,76.62
2014,Corrientes,Italia,Europa,4.42,232.93,1.9,-23.79,2010s,10,False,Productos primarios,76.62
2014,Corrientes,Reino Unido,Europa,3.7,232.93,1.59,12.8,2010s,11,False,Productos primarios,76.62
2015,Corrientes,Resto,Otros,44.69,157.87,28.31,-30.61,2010s,1,True,Productos primarios,74.22
2015,Corrientes,Iraq,Asia,25.36,157.87,16.06,-45.39,2010s,2,True,Productos primarios,74.22
2015,Corrientes,Estados Unidos,América del Norte,23.97,157.87,15.18,-6.07,2010s,3,True,Productos primarios,74.22
2015,Corrientes,Chile,América Latina,16.31,157.87,10.33,20.55,2010s,4,False,Productos primarios,74.22
2015,Corrientes,Brasil,Mercosur,16.02,157.87,10.15,-54.67,2010s,5,False,Productos primarios,74.22
2015,Corrientes,Rusia,Europa,10.63,157.87,6.73,-31.15,2010s,6,False,Productos primarios,74.22
2015,Corrientes,España,Europa,7.97,157.87,5.05,3.1,2010s,7,False,Productos primarios,74.22
2015,Corrientes,Países Bajos,Europa,5.78,157.87,3.66,-12.29,2010s,8,False,Productos primarios,74.22
2015,Corrientes,Italia,Europa,4.84,157.87,3.07,9.5,2010s,9,False,Productos primarios,74.22
2015,Corrientes,Reino Unido,Europa,2.31,157.87,1.46,-37.57,2010s,10,False,Productos primarios,74.22
2015,Corrientes,Venezuela,América Latina,0.0,157.87,0.0,-100.0,2010s,11,False,Productos primarios,74.22
2016,Corrientes,Resto,Otros,87.99,211.64,41.58,96.89,2010s,1,True,Productos primarios,77.85
2016,Corrientes,Brasil,Mercosur,29.59,211.64,13.98,84.71,2010s,2,True,Productos primarios,77.85
2016,Corrientes,Estados Unidos,América del Norte,24.24,211.64,11.45,1.13,2010s,3,True,Productos primarios,77.85
2016,Corrientes,Chile,América Latina,18.87,211.64,8.92,15.7,2010s,4,False,Productos primarios,77.85
2016,Corrientes,España,Europa,13.83,211.64,6.53,73.53,2010s,5,False,Productos primarios,77.85
2016,Corrientes,Rusia,Europa,12.6,211.64,5.95,18.53,2010s,6,False,Productos primarios,77.85
2016,Corrientes,Países Bajos,Europa,10.13,211.64,4.79,75.26,2010s,7,False,Productos primarios,77.85
2016,Corrientes,Iraq,Asia,6.18,211.64,2.92,-75.63,2010s,8,False,Productos primarios,77.85
2016,Corrientes,Italia,Europa,5.81,211.64,2.75,20.04,2010s,9,False,Productos primarios,77.85
2016,Corrientes,Reino Unido,Europa,2.38,211.64,1.12,3.03,2010s,10,False,Productos primarios,77.85
2016,Corrientes,Venezuela,América Latina,0.0,211.64,0.0,,2010s,11,False,Productos primarios,77.85
2017,Corrientes,Resto,Otros,65.11,204.42,31.85,-26.0,2010s,1,True,Productos primarios,66.68
2017,Corrientes,Brasil,Mercosur,32.11,204.42,15.71,8.52,2010s,2,True,Productos primarios,66.68
2017,Corrientes,Estados Unidos,América del Norte,29.1,204.42,14.24,20.05,2010s,3,True,Productos primarios,66.68
2017,Corrientes,Chile,América Latina,24.32,204.42,11.9,28.88,2010s,4,False,Productos primarios,66.68
2017,Corrientes,Iraq,Asia,16.09,204.42,7.87,160.36,2010s,5,False,Productos primarios,66.68
2017,Corrientes,Rusia,Europa,12.4,204.42,6.07,-1.59,2010s,6,False,Productos primarios,66.68
2017,Corrientes,España,Europa,10.04,204.42,4.91,-27.4,2010s,7,False,Productos primarios,66.68
2017,Corrientes,Países Bajos,Europa,8.12,204.42,3.97,-19.84,2010s,8,False,Productos primarios,66.68
2017,Corrientes,Italia,Europa,5.39,204.42,2.64,-7.23,2010s,9,False,Productos primarios,66.68
2017,Corrientes,Reino Unido,Europa,1.74,204.42,0.85,-26.89,2010s,10,False,Productos primarios,66.68
2017,Corrientes,Venezuela,América Latina,0.0,204.42,0.0,,2010s,11,False,Productos primarios,66.68
2018,Corrientes,Resto,Otros,75.85,222.95,34.02,16.5,2010s,1,True,Productos primarios,59.74
2018,Corrientes,Brasil,Mercosur,41.43,222.95,18.58,29.03,2010s,2,True,Productos primarios,59.74
2018,Corrientes,Estados Unidos,América del Norte,34.02,222.95,15.26,16.91,2010s,3,True,Productos primarios,59.74
2018,Corrientes,Chile,América Latina,22.02,222.95,9.88,-9.46,2010s,4,False,Productos primarios,59.74
2018,Corrientes,Iraq,Asia,13.31,222.95,5.97,-17.28,2010s,5,False,Productos primarios,59.74
2018,Corrientes,España,Europa,13.09,222.95,5.87,30.38,2010s,6,False,Productos primarios,59.74
2018,Corrientes,Países Bajos,Europa,9.05,222.95,4.06,11.45,2010s,7,False,Productos primarios,59.74
2018,Corrientes,Rusia,Europa,6.12,222.95,2.75,-50.65,2010s,8,False,Productos primarios,59.74
2018,Corrientes,Venezuela,América Latina,3.44,222.95,1.54,,2010s,9,False,Productos primarios,59.74
2018,Corrientes,Italia,Europa,2.77,222.95,1.24,-48.61,2010s,10,False,Productos primarios,59.74
2018,Corrientes,Reino Unido,Europa,1.87,222.95,0.84,7.47,2010s,11,False,Productos primarios,59.74
2019,Corrientes,Resto,Otros,93.3,217.41,42.91,23.01,2010s,1,True,Productos primarios,63.27
2019,Corrientes,Estados Unidos,América del Norte,38.33,217.41,17.63,12.67,2010s,2,True,Productos primarios,63.27
2019,Corrientes,Brasil,Mercosur,25.29,217.41,11.63,-38.96,2010s,3,True,Productos primarios,63.27
2019,Corrientes,Chile,América Latina,20.56,217.41,9.46,-6.63,2010s,4,False,Productos primarios,63.27
2019,Corrientes,España,Europa,10.36,217.41,4.77,-20.86,2010s,5,False,Productos primarios,63.27
2019,Corrientes,Venezuela,América Latina,6.89,217.41,3.17,100.29,2010s,6,False,Productos primarios,63.27
2019,Corrientes,Iraq,Asia,6.45,217.41,2.97,-51.54,2010s,7,False,Productos primarios,63.27
2019,Corrientes,Países Bajos,Europa,6.4,217.41,2.94,-29.28,2010s,8,False,Productos primarios,63.27
2019,Corrientes,Rusia,Europa,6.14,217.41,2.82,0.33,2010s,9,False,Productos primarios,63.27
2019,Corrientes,Italia,Europa,2.0,217.41,0.92,-27.8,2010s,10,False,Productos primarios,63.27
2019,Corrientes,Reino Unido,Europa,1.7,217.41,0.78,-9.09,2010s,11,False,Productos primarios,63.27
2020,Corrientes,Brasil,Mercosur,399.14,585.82,68.13,1478.25,2020s,1,True,CyE,21.46
2020,Corrientes,Resto,Otros,91.84,585.82,15.68,-1.56,2020s,2,True,CyE,21.46
2020,Corrientes,Estados Unidos,América del Norte,45.15,585.82,7.71,17.79,2020s,3,True,CyE,21.46
2020,Corrientes,Chile,América Latina,22.45,585.82,3.83,9.19,2020s,4,False,CyE,21.46
2020,Corrientes,España,Europa,11.05,585.82,1.89,6.66,2020s,5,False,CyE,21.46
2020,Corrientes,Rusia,Europa,6.16,585.82,1.05,0.33,2020s,6,False,CyE,21.46
2020,Corrientes,Países Bajos,Europa,5.93,585.82,1.01,-7.34,2020s,7,False,CyE,21.46
2020,Corrientes,Reino Unido,Europa,2.12,585.82,0.36,24.71,2020s,8,False,CyE,21.46
2020,Corrientes,Italia,Europa,1.45,585.82,0.25,-27.5,2020s,9,False,CyE,21.46
2020,Corrientes,Iraq,Asia,0.44,585.82,0.08,-93.18,2020s,10,False,CyE,21.46
2020,Corrientes,Venezuela,América Latina,0.09,585.82,0.02,-98.69,2020s,11,False,CyE,21.46
2021,Corrientes,Resto,Otros,149.94,297.56,50.39,63.26,2020s,1,True,Productos primarios,56.49
2021,Corrientes,Estados Unidos,América del Norte,63.43,297.56,21.32,40.49,2020s,2,True,Productos primarios,56.49
2021,Corrientes,Chile,América Latina,24.84,297.56,8.35,10.65,2020s,3,True,Productos primarios,56.49
2021,Corrientes,Brasil,Mercosur,17.32,297.56,5.82,-95.66,2020s,4,False,Productos primarios,56.49
2021,Corrientes,Países Bajos,Europa,17.04,297.56,5.73,187.35,2020s,5,False,Productos primarios,56.49
2021,Corrientes,España,Europa,11.33,297.56,3.81,2.53,2020s,6,False,Productos primarios,56.49
2021,Corrientes,Rusia,Europa,7.75,297.56,2.6,25.81,2020s,7,False,Productos primarios,56.49
2021,Corrientes,Reino Unido,Europa,4.2,297.56,1.41,98.11,2020s,8,False,Productos primarios,56.49
2021,Corrientes,Italia,Europa,1.53,297.56,0.51,5.52,2020s,9,False,Productos primarios,56.49
2021,Corrientes,Iraq,Asia,0.14,297.56,0.05,-68.18,2020s,10,False,Productos primarios,56.49
2021,Corrientes,Venezuela,América Latina,0.04,297.56,0.01,-55.56,2020s,11,False,Productos primarios,56.49
2022,Corrientes,Resto,Otros,104.24,272.93,38.19,-30.48,2020s,1,True,Productos primarios,54.71
2022,Corrientes,Estados Unidos,América del Norte,69.48,272.93,25.46,9.54,2020s,2,True,Productos primarios,54.71
2022,Corrientes,Chile,América Latina,24.4,272.93,8.94,-1.77,2020s,3,True,Productos primarios,54.71
2022,Corrientes,Brasil,Mercosur,24.07,272.93,8.82,38.97,2020s,4,False,Productos primarios,54.71
2022,Corrientes,España,Europa,23.32,272.93,8.54,105.83,2020s,5,False,Productos primarios,54.71
2022,Corrientes,Países Bajos,Europa,19.2,272.93,7.03,12.68,2020s,6,False,Productos primarios,54.71
2022,Corrientes,Rusia,Europa,4.89,272.93,1.79,-36.9,2020s,7,False,Productos primarios,54.71
2022,Corrientes,Italia,Europa,1.85,272.93,0.68,20.92,2020s,8,False,Productos primarios,54.71
2022,Corrientes,Reino Unido,Europa,1.27,272.93,0.47,-69.76,2020s,9,False,Productos primarios,54.71
2022,Corrientes,Venezuela,América Latina,0.2,272.93,0.07,400.0,2020s,10,False,Productos primarios,54.71
2022,Corrientes,Iraq,Asia,0.03,272.93,0.01,-78.57,2020s,11,False,Productos primarios,54.71
2023,Corrientes,Resto,Otros,104.34,234.31,44.53,0.1,2020s,1,True,Productos primarios,55.43
2023,Corrientes,Estados Unidos,América del Norte,55.13,234.31,23.53,-20.65,2020s,2,True,Productos primarios,55.43
2023,Corrientes,Chile,América Latina,20.02,234.31,8.54,-17.95,2020s,3,True,Productos primarios,55.43
2023,Corrientes,España,Europa,17.7,234.31,7.55,-24.1,2020s,4,False,Productos primarios,55.43
2023,Corrientes,Brasil,Mercosur,16.34,234.31,6.97,-32.11,2020s,5,False,Productos primarios,55.43
2023,Corrientes,Iraq,Asia,7.5,234.31,3.2,24900.0,2020s,6,False,Productos primarios,55.43
2023,Corrientes,Países Bajos,Europa,7.2,234.31,3.07,-62.5,2020s,7,False,Productos primarios,55.43
2023,Corrientes,Rusia,Europa,2.87,234.31,1.22,-41.31,2020s,8,False,Productos primarios,55.43
2023,Corrientes,Italia,Europa,1.78,234.31,0.76,-3.78,2020s,9,False,Productos primarios,55.43
2023,Corrientes,Reino Unido,Europa,1.34,234.31,0.57,5.51,2020s,10,False,Productos primarios,55.43
2023,Corrientes,Venezuela,América Latina,0.07,234.31,0.03,-65.0,2020s,11,False,Productos primarios,55.43
2024,Corrientes,Resto,Otros,110.09,257.76,42.71,5.51,2020s,1,True,Productos primarios,47.29
2024,Corrientes,Estados Unidos,América del Norte,49.57,257.76,19.23,-10.09,2020s,2,True,Productos primarios,47.29
2024,Corrientes,Brasil,Mercosur,27.43,257.76,10.64,67.87,2020s,3,True,Productos primarios,47.29
2024,Corrientes,Chile,América Latina,23.85,257.76,9.25,19.13,2020s,4,False,Productos primarios,47.29
2024,Corrientes,España,Europa,20.67,257.76,8.02,16.78,2020s,5,False,Productos primarios,47.29
2024,Corrientes,Países Bajos,Europa,17.61,257.76,6.83,144.58,2020s,6,False,Productos primarios,47.29
2024,Corrientes,Italia,Europa,3.78,257.76,1.47,112.36,2020s,7,False,Productos primarios,47.29
2024,Corrientes,Rusia,Europa,2.9,257.76,1.13,1.05,2020s,8,False,Productos primarios,47.29
2024,Corrientes,Reino Unido,Europa,1.69,257.76,0.66,26.12,2020s,9,False,Productos primarios,47.29
2024,Corrientes,Iraq,Asia,0.12,257.76,0.05,-98.4,2020s,10,False,Productos primarios,47.29
2024,Corrientes,Venezuela,América Latina,0.07,257.76,0.03,0.0,2020s,11,False,Productos primarios,47.29
1993,Formosa,Brasil,Mercosur,11.97,31.37,38.16,,1990s,1,True,MOI,29.77
1993,Formosa,Estados Unidos,América del Norte,10.35,31.37,32.99,,1990s,2,True,MOI,29.77
1993,Formosa,Resto,Otros,3.76,31.37,11.99,,1990s,3,True,MOI,29.77
1993,Formosa,Paraguay,Mercosur,3.12,31.37,9.95,,1990s,4,False,MOI,29.77
1993,Formosa,España,Europa,0.66,31.37,2.1,,1990s,5,False,MOI,29.77
1993,Formosa,Perú,América Latina,0.56,31.37,1.79,,1990s,6,False,MOI,29.77
1993,Formosa,Chile,América Latina,0.52,31.37,1.66,,1990s,7,False,MOI,29.77
1993,Formosa,Italia,Europa,0.21,31.37,0.67,,1990s,8,False,MOI,29.77
1993,Formosa,China,Asia,0.13,31.37,0.41,,1990s,9,False,MOI,29.77
1993,Formosa,México,América Latina,0.09,31.37,0.29,,1990s,10,False,MOI,29.77
1993,Formosa,Iraq,Asia,0.0,31.37,0.0,,1990s,11,False,MOI,29.77
1994,Formosa,Brasil,Mercosur,14.84,35.04,42.35,23.98,1990s,1,True,Productos primarios,71.28
1994,Formosa,Paraguay,Mercosur,6.21,35.04,17.72,99.04,1990s,2,True,Productos primarios,71.28
1994,Formosa,Resto,Otros,5.28,35.04,15.07,40.43,1990s,3,True,Productos primarios,71.28
1994,Formosa,Chile,América Latina,3.88,35.04,11.07,646.15,1990s,4,False,Productos primarios,71.28
1994,Formosa,Estados Unidos,América del Norte,1.59,35.04,4.54,-84.64,1990s,5,False,Productos primarios,71.28
1994,Formosa,China,Asia,1.3,35.04,3.71,900.0,1990s,6,False,Productos primarios,71.28
1994,Formosa,Perú,América Latina,0.92,35.04,2.63,64.29,1990s,7,False,Productos primarios,71.28
1994,Formosa,España,Europa,0.46,35.04,1.31,-30.3,1990s,8,False,Productos primarios,71.28
1994,Formosa,México,América Latina,0.34,35.04,0.97,277.78,1990s,9,False,Productos primarios,71.28
1994,Formosa,Italia,Europa,0.22,35.04,0.63,4.76,1990s,10,False,Productos primarios,71.28
1994,Formosa,Iraq,Asia,0.0,35.04,0.0,,1990s,11,False,Productos primarios,71.28
1995,Formosa,Resto,Otros,15.13,52.89,28.61,186.55,1990s,1,True,Productos primarios,72.42
1995,Formosa,Brasil,Mercosur,13.73,52.89,25.96,-7.48,1990s,2,True,Productos primarios,72.42
1995,Formosa,Paraguay,Mercosur,10.21,52.89,19.3,64.41,1990s,3,True,Productos primarios,72.42
1995,Formosa,Chile,América Latina,6.68,52.89,12.63,72.16,1990s,4,False,Productos primarios,72.42
1995,Formosa,Estados Unidos,América del Norte,3.06,52.89,5.79,92.45,1990s,5,False,Productos primarios,72.42
1995,Formosa,España,Europa,1.11,52.89,2.1,141.3,1990s,6,False,Productos primarios,72.42
1995,Formosa,China,Asia,1.05,52.89,1.99,-19.23,1990s,7,False,Productos primarios,72.42
1995,Formosa,Perú,América Latina,0.98,52.89,1.85,6.52,1990s,8,False,Productos primarios,72.42
1995,Formosa,Italia,Europa,0.88,52.89,1.66,300.0,1990s,9,False,Productos primarios,72.42
1995,Formosa,México,América Latina,0.06,52.89,0.11,-82.35,1990s,10,False,Productos primarios,72.42
1995,Formosa,Iraq,Asia,0.0,52.89,0.0,,1990s,11,False,Productos primarios,72.42
1996,Formosa,Brasil,Mercosur,18.86,56.17,33.58,37.36,1990s,1,True,Productos primarios,71.22
1996,Formosa,Resto,Otros,14.94,56.17,26.6,-1.26,1990s,2,True,Productos primarios,71.22
1996,Formosa,Paraguay,Mercosur,7.4,56.17,13.17,-27.52,1990s,3,True,Productos primarios,71.22
1996,Formosa,Chile,América Latina,7.05,56.17,12.55,5.54,1990s,4,False,Productos primarios,71.22
1996,Formosa,Estados Unidos,América del Norte,5.73,56.17,10.2,87.25,1990s,5,False,Productos primarios,71.22
1996,Formosa,China,Asia,0.62,56.17,1.1,-40.95,1990s,6,False,Productos primarios,71.22
1996,Formosa,Perú,América Latina,0.58,56.17,1.03,-40.82,1990s,7,False,Productos primarios,71.22
1996,Formosa,España,Europa,0.46,56.17,0.82,-58.56,1990s,8,False,Productos primarios,71.22
1996,Formosa,México,América Latina,0.42,56.17,0.75,600.0,1990s,9,False,Productos primarios,71.22
1996,Formosa,Italia,Europa,0.11,56.17,0.2,-87.5,1990s,10,False,Productos primarios,71.22
1996,Formosa,Iraq,Asia,0.0,56.17,0.0,,1990s,11,False,Productos primarios,71.22
1997,Formosa,Brasil,Mercosur,15.54,43.91,35.39,-17.6,1990s,1,True,Productos primarios,64.59
1997,Formosa,Resto,Otros,10.64,43.91,24.23,-28.78,1990s,2,True,Productos primarios,64.59
1997,Formosa,Chile,América Latina,6.49,43.91,14.78,-7.94,1990s,3,True,Productos primarios,64.59
1997,Formosa,Paraguay,Mercosur,5.77,43.91,13.14,-22.03,1990s,4,False,Productos primarios,64.59
1997,Formosa,Estados Unidos,América del Norte,3.97,43.91,9.04,-30.72,1990s,5,False,Productos primarios,64.59
1997,Formosa,China,Asia,0.56,43.91,1.28,-9.68,1990s,6,False,Productos primarios,64.59
1997,Formosa,España,Europa,0.42,43.91,0.96,-8.7,1990s,7,False,Productos primarios,64.59
1997,Formosa,Perú,América Latina,0.41,43.91,0.93,-29.31,1990s,8,False,Productos primarios,64.59
1997,Formosa,Italia,Europa,0.11,43.91,0.25,0.0,1990s,9,False,Productos primarios,64.59
1997,Formosa,México,América Latina,0.02,43.91,0.05,-95.24,1990s,10,False,Productos primarios,64.59
1997,Formosa,Iraq,Asia,0.0,43.91,0.0,,1990s,11,False,Productos primarios,64.59
1998,Formosa,Brasil,Mercosur,13.8,29.88,46.18,-11.2,1990s,1,True,Productos primarios,63.3
1998,Formosa,Chile,América Latina,5.3,29.88,17.74,-18.34,1990s,2,True,Productos primarios,63.3
1998,Formosa,Resto,Otros,4.89,29.88,16.37,-54.04,1990s,3,True,Productos primarios,63.3
1998,Formosa,Estados Unidos,América del Norte,2.8,29.88,9.37,-29.47,1990s,4,False,Productos primarios,63.3
1998,Formosa,Paraguay,Mercosur,0.66,29.88,2.21,-88.56,1990s,5,False,Productos primarios,63.3
1998,Formosa,Perú,América Latina,0.6,29.88,2.01,46.34,1990s,6,False,Productos primarios,63.3
1998,Formosa,China,Asia,0.54,29.88,1.81,-3.57,1990s,7,False,Productos primarios,63.3
1998,Formosa,Italia,Europa,0.5,29.88,1.67,354.55,1990s,8,False,Productos primarios,63.3
1998,Formosa,España,Europa,0.48,29.88,1.61,14.29,1990s,9,False,Productos primarios,63.3
1998,Formosa,México,América Latina,0.31,29.88,1.04,1450.0,1990s,10,False,Productos primarios,63.3
1998,Formosa,Iraq,Asia,0.0,29.88,0.0,,1990s,11,False,Productos primarios,63.3
1999,Formosa,Brasil,Mercosur,7.91,20.64,38.32,-42.68,1990s,1,True,CyE,44.47
1999,Formosa,Chile,América Latina,5.55,20.64,26.89,4.72,1990s,2,True,CyE,44.47
1999,Formosa,Estados Unidos,América del Norte,3.55,20.64,17.2,26.79,1990s,3,True,CyE,44.47
1999,Formosa,Resto,Otros,1.65,20.64,7.99,-66.26,1990s,4,False,CyE,44.47
1999,Formosa,Paraguay,Mercosur,1.03,20.64,4.99,56.06,1990s,5,False,CyE,44.47
1999,Formosa,España,Europa,0.44,20.64,2.13,-8.33,1990s,6,False,CyE,44.47
1999,Formosa,México,América Latina,0.36,20.64,1.74,16.13,1990s,7,False,CyE,44.47
1999,Formosa,Italia,Europa,0.08,20.64,0.39,-84.0,1990s,8,False,CyE,44.47
1999,Formosa,China,Asia,0.06,20.64,0.29,-88.89,1990s,9,False,CyE,44.47
1999,Formosa,Iraq,Asia,0.0,20.64,0.0,,1990s,10,False,CyE,44.47
1999,Formosa,Perú,América Latina,0.0,20.64,0.0,-100.0,1990s,11,False,CyE,44.47
2000,Formosa,Chile,América Latina,8.56,18.92,45.24,54.23,2000s,1,True,CyE,8.29
2000,Formosa,Resto,Otros,5.31,18.92,28.07,221.82,2000s,2,True,CyE,8.29
2000,Formosa,Estados Unidos,América del Norte,4.09,18.92,21.62,15.21,2000s,3,True,CyE,8.29
2000,Formosa,Paraguay,Mercosur,0.52,18.92,2.75,-49.51,2000s,4,False,CyE,8.29
2000,Formosa,España,Europa,0.38,18.92,2.01,-13.64,2000s,5,False,CyE,8.29
2000,Formosa,Italia,Europa,0.06,18.92,0.32,-25.0,2000s,6,False,CyE,8.29
2000,Formosa,Brasil,Mercosur,0.0,18.92,0.0,-100.0,2000s,7,False,CyE,8.29
2000,Formosa,China,Asia,0.0,18.92,0.0,-100.0,2000s,8,False,CyE,8.29
2000,Formosa,Iraq,Asia,0.0,18.92,0.0,,2000s,9,False,CyE,8.29
2000,Formosa,México,América Latina,0.0,18.92,0.0,-100.0,2000s,10,False,CyE,8.29
2000,Formosa,Perú,América Latina,0.0,18.92,0.0,,2000s,11,False,CyE,8.29
2001,Formosa,Chile,América Latina,7.7,16.71,46.08,-10.05,2000s,1,True,CyE,19.29
2001,Formosa,Brasil,Mercosur,3.58,16.71,21.42,,2000s,2,True,CyE,19.29
2001,Formosa,Estados Unidos,América del Norte,2.85,16.71,17.06,-30.32,2000s,3,True,CyE,19.29
2001,Formosa,Resto,Otros,0.82,16.71,4.91,-84.56,2000s,4,False,CyE,19.29
2001,Formosa,Perú,América Latina,0.74,16.71,4.43,,2000s,5,False,CyE,19.29
2001,Formosa,España,Europa,0.4,16.71,2.39,5.26,2000s,6,False,CyE,19.29
2001,Formosa,Paraguay,Mercosur,0.3,16.71,1.8,-42.31,2000s,7,False,CyE,19.29
2001,Formosa,China,Asia,0.19,16.71,1.14,,2000s,8,False,CyE,19.29
2001,Formosa,Italia,Europa,0.13,16.71,0.78,116.67,2000s,9,False,CyE,19.29
2001,Formosa,Iraq,Asia,0.0,16.71,0.0,,2000s,10,False,CyE,19.29
2001,Formosa,México,América Latina,0.0,16.71,0.0,,2000s,11,False,CyE,19.29
2002,Formosa,Chile,América Latina,8.55,17.79,48.06,11.04,2000s,1,True,CyE,16.43
2002,Formosa,Estados Unidos,América del Norte,3.84,17.79,21.59,34.74,2000s,2,True,CyE,16.43
2002,Formosa,Brasil,Mercosur,2.41,17.79,13.55,-32.68,2000s,3,True,CyE,16.43
2002,Formosa,Resto,Otros,0.74,17.79,4.16,-9.76,2000s,4,False,CyE,16.43
2002,Formosa,España,Europa,0.72,17.79,4.05,80.0,2000s,5,False,CyE,16.43
2002,Formosa,Italia,Europa,0.62,17.79,3.49,376.92,2000s,6,False,CyE,16.43
2002,Formosa,Perú,América Latina,0.58,17.79,3.26,-21.62,2000s,7,False,CyE,16.43
2002,Formosa,Paraguay,Mercosur,0.33,17.79,1.85,10.0,2000s,8,False,CyE,16.43
2002,Formosa,China,Asia,0.0,17.79,0.0,-100.0,2000s,9,False,CyE,16.43
2002,Formosa,Iraq,Asia,0.0,17.79,0.0,,2000s,10,False,CyE,16.43
2002,Formosa,México,América Latina,0.0,17.79,0.0,,2000s,11,False,CyE,16.43
2003,Formosa,Chile,América Latina,8.85,19.1,46.34,3.51,2000s,1,True,CyE,12.88
2003,Formosa,Estados Unidos,América del Norte,4.17,19.1,21.83,8.59,2000s,2,True,CyE,12.88
2003,Formosa,Resto,Otros,2.42,19.1,12.67,227.03,2000s,3,True,CyE,12.88
2003,Formosa,Brasil,Mercosur,2.24,19.1,11.73,-7.05,2000s,4,False,CyE,12.88
2003,Formosa,México,América Latina,0.41,19.1,2.15,,2000s,5,False,CyE,12.88
2003,Formosa,España,Europa,0.36,19.1,1.88,-50.0,2000s,6,False,CyE,12.88
2003,Formosa,Paraguay,Mercosur,0.28,19.1,1.47,-15.15,2000s,7,False,CyE,12.88
2003,Formosa,Italia,Europa,0.23,19.1,1.2,-62.9,2000s,8,False,CyE,12.88
2003,Formosa,China,Asia,0.11,19.1,0.58,,2000s,9,False,CyE,12.88
2003,Formosa,Perú,América Latina,0.02,19.1,0.1,-96.55,2000s,10,False,CyE,12.88
2003,Formosa,Iraq,Asia,0.0,19.1,0.0,,2000s,11,False,CyE,12.88
2004,Formosa,Chile,América Latina,8.17,19.46,41.98,-7.68,2000s,1,True,CyE,22.17
2004,Formosa,Estados Unidos,América del Norte,4.99,19.46,25.64,19.66,2000s,2,True,CyE,22.17
2004,Formosa,Brasil,Mercosur,2.89,19.46,14.85,29.02,2000s,3,True,CyE,22.17
2004,Formosa,China,Asia,1.34,19.46,6.89,1118.18,2000s,4,False,CyE,22.17
2004,Formosa,Resto,Otros,1.3,19.46,6.68,-46.28,2000s,5,False,CyE,22.17
2004,Formosa,Paraguay,Mercosur,0.35,19.46,1.8,25.0,2000s,6,False,CyE,22.17
2004,Formosa,Italia,Europa,0.22,19.46,1.13,-4.35,2000s,7,False,CyE,22.17
2004,Formosa,España,Europa,0.16,19.46,0.82,-55.56,2000s,8,False,CyE,22.17
2004,Formosa,Perú,América Latina,0.04,19.46,0.21,100.0,2000s,9,False,CyE,22.17
2004,Formosa,México,América Latina,0.01,19.46,0.05,-97.56,2000s,10,False,CyE,22.17
2004,Formosa,Iraq,Asia,0.0,19.46,0.0,,2000s,11,False,CyE,22.17
2005,Formosa,Chile,América Latina,13.23,33.02,40.07,61.93,2000s,1,True,CyE,18.16
2005,Formosa,Estados Unidos,América del Norte,8.92,33.02,27.01,78.76,2000s,2,True,CyE,18.16
2005,Formosa,Resto,Otros,4.08,33.02,12.36,213.85,2000s,3,True,CyE,18.16
2005,Formosa,Brasil,Mercosur,2.65,33.02,8.03,-8.3,2000s,4,False,CyE,18.16
2005,Formosa,China,Asia,2.33,33.02,7.06,73.88,2000s,5,False,CyE,18.16
2005,Formosa,Italia,Europa,0.67,33.02,2.03,204.55,2000s,6,False,CyE,18.16
2005,Formosa,Paraguay,Mercosur,0.35,33.02,1.06,0.0,2000s,7,False,CyE,18.16
2005,Formosa,Perú,América Latina,0.3,33.02,0.91,650.0,2000s,8,False,CyE,18.16
2005,Formosa,España,Europa,0.27,33.02,0.82,68.75,2000s,9,False,CyE,18.16
2005,Formosa,México,América Latina,0.24,33.02,0.73,2300.0,2000s,10,False,CyE,18.16
2005,Formosa,Iraq,Asia,0.0,33.02,0.0,,2000s,11,False,CyE,18.16
2006,Formosa,China,Asia,8.98,39.03,23.01,285.41,2000s,1,True,CyE,15.42
2006,Formosa,Estados Unidos,América del Norte,8.69,39.03,22.26,-2.58,2000s,2,True,CyE,15.42
2006,Formosa,Chile,América Latina,7.31,39.03,18.73,-44.75,2000s,3,True,CyE,15.42
2006,Formosa,Resto,Otros,6.51,39.03,16.68,59.56,2000s,4,False,CyE,15.42
2006,Formosa,Brasil,Mercosur,2.89,39.03,7.4,9.06,2000s,5,False,CyE,15.42
2006,Formosa,Italia,Europa,1.86,39.03,4.77,177.61,2000s,6,False,CyE,15.42
2006,Formosa,México,América Latina,0.98,39.03,2.51,308.33,2000s,7,False,CyE,15.42
2006,Formosa,Paraguay,Mercosur,0.69,39.03,1.77,97.14,2000s,8,False,CyE,15.42
2006,Formosa,España,Europa,0.46,39.03,1.18,70.37,2000s,9,False,CyE,15.42
2006,Formosa,Perú,América Latina,0.41,39.03,1.05,36.67,2000s,10,False,CyE,15.42
2006,Formosa,Iraq,Asia,0.24,39.03,0.61,,2000s,11,False,CyE,15.42
2007,Formosa,Estados Unidos,América del Norte,9.25,29.21,31.67,6.44,2000s,1,True,CyE,27.17
2007,Formosa,China,Asia,5.11,29.21,17.49,-43.1,2000s,2,True,CyE,27.17
2007,Formosa,Resto,Otros,5.09,29.21,17.43,-21.81,2000s,3,True,CyE,27.17
2007,Formosa,Brasil,Mercosur,3.72,29.21,12.74,28.72,2000s,4,False,CyE,27.17
2007,Formosa,Chile,América Latina,2.6,29.21,8.9,-64.43,2000s,5,False,CyE,27.17
2007,Formosa,Italia,Europa,1.24,29.21,4.25,-33.33,2000s,6,False,CyE,27.17
2007,Formosa,España,Europa,0.64,29.21,2.19,39.13,2000s,7,False,CyE,27.17
2007,Formosa,Perú,América Latina,0.46,29.21,1.57,12.2,2000s,8,False,CyE,27.17
2007,Formosa,Paraguay,Mercosur,0.41,29.21,1.4,-40.58,2000s,9,False,CyE,27.17
2007,Formosa,México,América Latina,0.35,29.21,1.2,-64.29,2000s,10,False,CyE,27.17
2007,Formosa,Iraq,Asia,0.33,29.21,1.13,37.5,2000s,11,False,CyE,27.17
2008,Formosa,Resto,Otros,7.23,25.06,28.85,42.04,2000s,1,True,MOA,29.46
2008,Formosa,Estados Unidos,América del Norte,6.09,25.06,24.3,-34.16,2000s,2,True,MOA,29.46
2008,Formosa,Brasil,Mercosur,3.3,25.06,13.17,-11.29,2000s,3,True,MOA,29.46
2008,Formosa,China,Asia,2.82,25.06,11.25,-44.81,2000s,4,False,MOA,29.46
2008,Formosa,Chile,América Latina,1.77,25.06,7.06,-31.92,2000s,5,False,MOA,29.46
2008,Formosa,Italia,Europa,1.23,25.06,4.91,-0.81,2000s,6,False,MOA,29.46
2008,Formosa,Paraguay,Mercosur,0.82,25.06,3.27,100.0,2000s,7,False,MOA,29.46
2008,Formosa,España,Europa,0.52,25.06,2.08,-18.75,2000s,8,False,MOA,29.46
2008,Formosa,Perú,América Latina,0.48,25.06,1.92,4.35,2000s,9,False,MOA,29.46
2008,Formosa,México,América Latina,0.45,25.06,1.8,28.57,2000s,10,False,MOA,29.46
2008,Formosa,Iraq,Asia,0.35,25.06,1.4,6.06,2000s,11,False,MOA,29.46
2009,Formosa,Resto,Otros,7.04,29.45,23.9,-2.63,2000s,1,True,CyE,33.93
2009,Formosa,Chile,América Latina,6.21,29.45,21.09,250.85,2000s,2,True,CyE,33.93
2009,Formosa,Estados Unidos,América del Norte,6.05,29.45,20.54,-0.66,2000s,3,True,CyE,33.93
2009,Formosa,Brasil,Mercosur,5.23,29.45,17.76,58.48,2000s,4,False,CyE,33.93
2009,Formosa,China,Asia,1.41,29.45,4.79,-50.0,2000s,5,False,CyE,33.93
2009,Formosa,Iraq,Asia,1.12,29.45,3.8,220.0,2000s,6,False,CyE,33.93
2009,Formosa,Paraguay,Mercosur,0.72,29.45,2.44,-12.2,2000s,7,False,CyE,33.93
2009,Formosa,Italia,Europa,0.72,29.45,2.44,-41.46,2000s,8,False,CyE,33.93
2009,Formosa,España,Europa,0.51,29.45,1.73,-1.92,2000s,9,False,CyE,33.93
2009,Formosa,Perú,América Latina,0.41,29.45,1.39,-14.58,2000s,10,False,CyE,33.93
2009,Formosa,México,América Latina,0.03,29.45,0.1,-93.33,2000s,11,False,CyE,33.93
2010,Formosa,Resto,Otros,8.61,35.98,23.93,22.3,2010s,1,True,CyE,27.63
2010,Formosa,Estados Unidos,América del Norte,8.19,35.98,22.76,35.37,2010s,2,True,CyE,27.63
2010,Formosa,Brasil,Mercosur,5.88,35.98,16.34,12.43,2010s,3,True,CyE,27.63
2010,Formosa,Chile,América Latina,5.38,35.98,14.95,-13.37,2010s,4,False,CyE,27.63
2010,Formosa,China,Asia,4.55,35.98,12.65,222.7,2010s,5,False,CyE,27.63
2010,Formosa,México,América Latina,1.07,35.98,2.97,3466.67,2010s,6,False,CyE,27.63
2010,Formosa,Paraguay,Mercosur,0.71,35.98,1.97,-1.39,2010s,7,False,CyE,27.63
2010,Formosa,Italia,Europa,0.7,35.98,1.95,-2.78,2010s,8,False,CyE,27.63
2010,Formosa,Perú,América Latina,0.47,35.98,1.31,14.63,2010s,9,False,CyE,27.63
2010,Formosa,España,Europa,0.42,35.98,1.17,-17.65,2010s,10,False,CyE,27.63
2010,Formosa,Iraq,Asia,0.0,35.98,0.0,-100.0,2010s,11,False,CyE,27.63
2011,Formosa,Resto,Otros,11.75,40.04,29.35,36.47,2010s,1,True,Productos primarios,41.19
2011,Formosa,Brasil,Mercosur,7.5,40.04,18.73,27.55,2010s,2,True,Productos primarios,41.19
2011,Formosa,Estados Unidos,América del Norte,6.88,40.04,17.18,-16.0,2010s,3,True,Productos primarios,41.19
2011,Formosa,Chile,América Latina,4.61,40.04,11.51,-14.31,2010s,4,False,Productos primarios,41.19
2011,Formosa,China,Asia,4.22,40.04,10.54,-7.25,2010s,5,False,Productos primarios,41.19
2011,Formosa,Iraq,Asia,1.12,40.04,2.8,,2010s,6,False,Productos primarios,41.19
2011,Formosa,España,Europa,0.95,40.04,2.37,126.19,2010s,7,False,Productos primarios,41.19
2011,Formosa,Italia,Europa,0.88,40.04,2.2,25.71,2010s,8,False,Productos primarios,41.19
2011,Formosa,México,América Latina,0.84,40.04,2.1,-21.5,2010s,9,False,Productos primarios,41.19
2011,Formosa,Paraguay,Mercosur,0.78,40.04,1.95,9.86,2010s,10,False,Productos primarios,41.19
2011,Formosa,Perú,América Latina,0.5,40.04,1.25,6.38,2010s,11,False,Productos primarios,41.19
2012,Formosa,Resto,Otros,11.99,44.84,26.74,2.04,2010s,1,True,MOA,28.99
2012,Formosa,Estados Unidos,América del Norte,8.16,44.84,18.2,18.6,2010s,2,True,MOA,28.99
2012,Formosa,Brasil,Mercosur,7.27,44.84,16.21,-3.07,2010s,3,True,MOA,28.99
2012,Formosa,Chile,América Latina,6.03,44.84,13.45,30.8,2010s,4,False,MOA,28.99
2012,Formosa,China,Asia,4.87,44.84,10.86,15.4,2010s,5,False,MOA,28.99
2012,Formosa,México,América Latina,1.64,44.84,3.66,95.24,2010s,6,False,MOA,28.99
2012,Formosa,Italia,Europa,1.45,44.84,3.23,64.77,2010s,7,False,MOA,28.99
2012,Formosa,Iraq,Asia,1.13,44.84,2.52,0.89,2010s,8,False,MOA,28.99
2012,Formosa,Perú,América Latina,1.11,44.84,2.48,122.0,2010s,9,False,MOA,28.99
2012,Formosa,Paraguay,Mercosur,0.75,44.84,1.67,-3.85,2010s,10,False,MOA,28.99
2012,Formosa,España,Europa,0.44,44.84,0.98,-53.68,2010s,11,False,MOA,28.99
2013,Formosa,Resto,Otros,10.7,37.03,28.9,-10.76,2010s,1,True,MOA,31.05
2013,Formosa,Brasil,Mercosur,7.09,37.03,19.15,-2.48,2010s,2,True,MOA,31.05
2013,Formosa,Estados Unidos,América del Norte,5.56,37.03,15.01,-31.86,2010s,3,True,MOA,31.05
2013,Formosa,China,Asia,4.3,37.03,11.61,-11.7,2010s,4,False,MOA,31.05
2013,Formosa,Chile,América Latina,3.24,37.03,8.75,-46.27,2010s,5,False,MOA,31.05
2013,Formosa,Iraq,Asia,2.42,37.03,6.54,114.16,2010s,6,False,MOA,31.05
2013,Formosa,México,América Latina,1.15,37.03,3.11,-29.88,2010s,7,False,MOA,31.05
2013,Formosa,Perú,América Latina,0.87,37.03,2.35,-21.62,2010s,8,False,MOA,31.05
2013,Formosa,Italia,Europa,0.79,37.03,2.13,-45.52,2010s,9,False,MOA,31.05
2013,Formosa,Paraguay,Mercosur,0.61,37.03,1.65,-18.67,2010s,10,False,MOA,31.05
2013,Formosa,España,Europa,0.29,37.03,0.78,-34.09,2010s,11,False,MOA,31.05
2014,Formosa,Resto,Otros,10.73,34.83,30.81,0.28,2010s,1,True,MOA,34.43
2014,Formosa,Estados Unidos,América del Norte,8.53,34.83,24.49,53.42,2010s,2,True,MOA,34.43
2014,Formosa,Brasil,Mercosur,5.78,34.83,16.59,-18.48,2010s,3,True,MOA,34.43
2014,Formosa,Iraq,Asia,3.72,34.83,10.68,53.72,2010s,4,False,MOA,34.43
2014,Formosa,China,Asia,1.96,34.83,5.63,-54.42,2010s,5,False,MOA,34.43
2014,Formosa,México,América Latina,1.32,34.83,3.79,14.78,2010s,6,False,MOA,34.43
2014,Formosa,Chile,América Latina,1.07,34.83,3.07,-66.98,2010s,7,False,MOA,34.43
2014,Formosa,Paraguay,Mercosur,0.74,34.83,2.12,21.31,2010s,8,False,MOA,34.43
2014,Formosa,Perú,América Latina,0.49,34.83,1.41,-43.68,2010s,9,False,MOA,34.43
2014,Formosa,España,Europa,0.26,34.83,0.75,-10.34,2010s,10,False,MOA,34.43
2014,Formosa,Italia,Europa,0.24,34.83,0.69,-69.62,2010s,11,False,MOA,34.43
2015,Formosa,Resto,Otros,8.72,23.8,36.64,-18.73,2010s,1,True,MOA,22.95
2015,Formosa,Brasil,Mercosur,5.34,23.8,22.44,-7.61,2010s,2,True,MOA,22.95
2015,Formosa,Estados Unidos,América del Norte,3.0,23.8,12.61,-64.83,2010s,3,True,MOA,22.95
2015,Formosa,Iraq,Asia,1.53,23.8,6.43,-58.87,2010s,4,False,MOA,22.95
2015,Formosa,China,Asia,1.38,23.8,5.8,-29.59,2010s,5,False,MOA,22.95
2015,Formosa,Italia,Europa,1.29,23.8,5.42,437.5,2010s,6,False,MOA,22.95
2015,Formosa,México,América Latina,0.89,23.8,3.74,-32.58,2010s,7,False,MOA,22.95
2015,Formosa,Chile,América Latina,0.67,23.8,2.82,-37.38,2010s,8,False,MOA,22.95
2015,Formosa,Paraguay,Mercosur,0.43,23.8,1.81,-41.89,2010s,9,False,MOA,22.95
2015,Formosa,España,Europa,0.38,23.8,1.6,46.15,2010s,10,False,MOA,22.95
2015,Formosa,Perú,América Latina,0.17,23.8,0.71,-65.31,2010s,11,False,MOA,22.95
2016,Formosa,Resto,Otros,7.73,21.67,35.67,-11.35,2010s,1,True,MOA,31.59
2016,Formosa,Brasil,Mercosur,5.36,21.67,24.73,0.37,2010s,2,True,MOA,31.59
2016,Formosa,Estados Unidos,América del Norte,3.7,21.67,17.07,23.33,2010s,3,True,MOA,31.59
2016,Formosa,China,Asia,2.22,21.67,10.24,60.87,2010s,4,False,MOA,31.59
2016,Formosa,Chile,América Latina,0.72,21.67,3.32,7.46,2010s,5,False,MOA,31.59
2016,Formosa,México,América Latina,0.52,21.67,2.4,-41.57,2010s,6,False,MOA,31.59
2016,Formosa,Paraguay,Mercosur,0.43,21.67,1.98,0.0,2010s,7,False,MOA,31.59
2016,Formosa,Iraq,Asia,0.3,21.67,1.38,-80.39,2010s,8,False,MOA,31.59
2016,Formosa,Perú,América Latina,0.28,21.67,1.29,64.71,2010s,9,False,MOA,31.59
2016,Formosa,España,Europa,0.22,21.67,1.02,-42.11,2010s,10,False,MOA,31.59
2016,Formosa,Italia,Europa,0.18,21.67,0.83,-86.05,2010s,11,False,MOA,31.59
2017,Formosa,Brasil,Mercosur,6.78,21.07,32.18,26.49,2010s,1,True,Productos primarios,57.9
2017,Formosa,Resto,Otros,4.58,21.07,21.74,-40.75,2010s,2,True,Productos primarios,57.9
2017,Formosa,Estados Unidos,América del Norte,3.96,21.07,18.79,7.03,2010s,3,True,Productos primarios,57.9
2017,Formosa,China,Asia,2.52,21.07,11.96,13.51,2010s,4,False,Productos primarios,57.9
2017,Formosa,Chile,América Latina,0.99,21.07,4.7,37.5,2010s,5,False,Productos primarios,57.9
2017,Formosa,Iraq,Asia,0.8,21.07,3.8,166.67,2010s,6,False,Productos primarios,57.9
2017,Formosa,Paraguay,Mercosur,0.41,21.07,1.95,-4.65,2010s,7,False,Productos primarios,57.9
2017,Formosa,México,América Latina,0.38,21.07,1.8,-26.92,2010s,8,False,Productos primarios,57.9
2017,Formosa,Italia,Europa,0.28,21.07,1.33,55.56,2010s,9,False,Productos primarios,57.9
2017,Formosa,España,Europa,0.21,21.07,1.0,-4.55,2010s,10,False,Productos primarios,57.9
2017,Formosa,Perú,América Latina,0.16,21.07,0.76,-42.86,2010s,11,False,Productos primarios,57.9
2018,Formosa,Resto,Otros,35.97,66.82,53.83,685.37,2010s,1,True,Productos primarios,47.41
2018,Formosa,Estados Unidos,América del Norte,9.84,66.82,14.73,148.48,2010s,2,True,Productos primarios,47.41
2018,Formosa,Brasil,Mercosur,8.56,66.82,12.81,26.25,2010s,3,True,Productos primarios,47.41
2018,Formosa,China,Asia,5.34,66.82,7.99,111.9,2010s,4,False,Productos primarios,47.41
2018,Formosa,Chile,América Latina,4.0,66.82,5.99,304.04,2010s,5,False,Productos primarios,47.41
2018,Formosa,Iraq,Asia,1.0,66.82,1.5,25.0,2010s,6,False,Productos primarios,47.41
2018,Formosa,Paraguay,Mercosur,0.61,66.82,0.91,48.78,2010s,7,False,Productos primarios,47.41
2018,Formosa,España,Europa,0.47,66.82,0.7,123.81,2010s,8,False,Productos primarios,47.41
2018,Formosa,México,América Latina,0.45,66.82,0.67,18.42,2010s,9,False,Productos primarios,47.41
2018,Formosa,Perú,América Latina,0.41,66.82,0.61,156.25,2010s,10,False,Productos primarios,47.41
2018,Formosa,Italia,Europa,0.16,66.82,0.24,-42.86,2010s,11,False,Productos primarios,47.41
2019,Formosa,Resto,Otros,47.53,80.16,59.29,32.14,2010s,1,True,Productos primarios,74.48
2019,Formosa,China,Asia,7.88,80.16,9.83,47.57,2010s,2,True,Productos primarios,74.48
2019,Formosa,Estados Unidos,América del Norte,7.78,80.16,9.71,-20.93,2010s,3,True,Productos primarios,74.48
2019,Formosa,Brasil,Mercosur,7.4,80.16,9.23,-13.55,2010s,4,False,Productos primarios,74.48
2019,Formosa,Chile,América Latina,3.91,80.16,4.88,-2.25,2010s,5,False,Productos primarios,74.48
2019,Formosa,Perú,América Latina,3.22,80.16,4.02,685.37,2010s,6,False,Productos primarios,74.48
2019,Formosa,España,Europa,0.73,80.16,0.91,55.32,2010s,7,False,Productos primarios,74.48
2019,Formosa,Iraq,Asia,0.61,80.16,0.76,-39.0,2010s,8,False,Productos primarios,74.48
2019,Formosa,México,América Latina,0.53,80.16,0.66,17.78,2010s,9,False,Productos primarios,74.48
2019,Formosa,Paraguay,Mercosur,0.43,80.16,0.54,-29.51,2010s,10,False,Productos primarios,74.48
2019,Formosa,Italia,Europa,0.14,80.16,0.17,-12.5,2010s,11,False,Productos primarios,74.48
2020,Formosa,Resto,Otros,14.26,30.45,46.83,-70.0,2020s,1,True,Productos primarios,53.63
2020,Formosa,Brasil,Mercosur,6.04,30.45,19.84,-18.38,2020s,2,True,Productos primarios,53.63
2020,Formosa,Estados Unidos,América del Norte,2.79,30.45,9.16,-64.14,2020s,3,True,Productos primarios,53.63
2020,Formosa,China,Asia,2.64,30.45,8.67,-66.5,2020s,4,False,Productos primarios,53.63
2020,Formosa,Chile,América Latina,2.3,30.45,7.55,-41.18,2020s,5,False,Productos primarios,53.63
2020,Formosa,Perú,América Latina,0.63,30.45,2.07,-80.43,2020s,6,False,Productos primarios,53.63
2020,Formosa,España,Europa,0.6,30.45,1.97,-17.81,2020s,7,False,Productos primarios,53.63
2020,Formosa,Paraguay,Mercosur,0.54,30.45,1.77,25.58,2020s,8,False,Productos primarios,53.63
2020,Formosa,México,América Latina,0.54,30.45,1.77,1.89,2020s,9,False,Productos primarios,53.63
2020,Formosa,Italia,Europa,0.07,30.45,0.23,-50.0,2020s,10,False,Productos primarios,53.63
2020,Formosa,Iraq,Asia,0.04,30.45,0.13,-93.44,2020s,11,False,Productos primarios,53.63
2021,Formosa,Resto,Otros,21.24,40.96,51.86,48.95,2020s,1,True,Productos primarios,60.76
2021,Formosa,Estados Unidos,América del Norte,6.4,40.96,15.62,129.39,2020s,2,True,Productos primarios,60.76
2021,Formosa,China,Asia,4.25,40.96,10.38,60.98,2020s,3,True,Productos primarios,60.76
2021,Formosa,Brasil,Mercosur,3.59,40.96,8.76,-40.56,2020s,4,False,Productos primarios,60.76
2021,Formosa,Chile,América Latina,2.58,40.96,6.3,12.17,2020s,5,False,Productos primarios,60.76
2021,Formosa,España,Europa,0.93,40.96,2.27,55.0,2020s,6,False,Productos primarios,60.76
2021,Formosa,Perú,América Latina,0.85,40.96,2.08,34.92,2020s,7,False,Productos primarios,60.76
2021,Formosa,México,América Latina,0.68,40.96,1.66,25.93,2020s,8,False,Productos primarios,60.76
2021,Formosa,Paraguay,Mercosur,0.34,40.96,0.83,-37.04,2020s,9,False,Productos primarios,60.76
2021,Formosa,Italia,Europa,0.07,40.96,0.17,0.0,2020s,10,False,Productos primarios,60.76
2021,Formosa,Iraq,Asia,0.03,40.96,0.07,-25.0,2020s,11,False,Productos primarios,60.76
2022,Formosa,Resto,Otros,22.46,59.13,37.98,5.74,2020s,1,True,Productos primarios,36.9
2022,Formosa,Estados Unidos,América del Norte,12.59,59.13,21.29,96.72,2020s,2,True,Productos primarios,36.9
2022,Formosa,Brasil,Mercosur,7.15,59.13,12.09,99.16,2020s,3,True,Productos primarios,36.9
2022,Formosa,China,Asia,6.45,59.13,10.91,51.76,2020s,4,False,Productos primarios,36.9
2022,Formosa,México,América Latina,3.37,59.13,5.7,395.59,2020s,5,False,Productos primarios,36.9
2022,Formosa,Chile,América Latina,2.8,59.13,4.74,8.53,2020s,6,False,Productos primarios,36.9
2022,Formosa,España,Europa,1.96,59.13,3.31,110.75,2020s,7,False,Productos primarios,36.9
2022,Formosa,Italia,Europa,1.08,59.13,1.83,1442.86,2020s,8,False,Productos primarios,36.9
2022,Formosa,Perú,América Latina,1.0,59.13,1.69,17.65,2020s,9,False,Productos primarios,36.9
2022,Formosa,Paraguay,Mercosur,0.27,59.13,0.46,-20.59,2020s,10,False,Productos primarios,36.9
2022,Formosa,Iraq,Asia,0.02,59.13,0.03,-33.33,2020s,11,False,Productos primarios,36.9
2023,Formosa,Resto,Otros,7.77,20.64,37.65,-65.41,2020s,1,True,Productos primarios,68.11
2023,Formosa,Brasil,Mercosur,6.07,20.64,29.41,-15.1,2020s,2,True,Productos primarios,68.11
2023,Formosa,China,Asia,1.61,20.64,7.8,-75.04,2020s,3,True,Productos primarios,68.11
2023,Formosa,Chile,América Latina,1.47,20.64,7.12,-47.5,2020s,4,False,Productos primarios,68.11
2023,Formosa,España,Europa,1.15,20.64,5.57,-41.33,2020s,5,False,Productos primarios,68.11
2023,Formosa,Estados Unidos,América del Norte,0.93,20.64,4.51,-92.61,2020s,6,False,Productos primarios,68.11
2023,Formosa,Iraq,Asia,0.61,20.64,2.96,2950.0,2020s,7,False,Productos primarios,68.11
2023,Formosa,Perú,América Latina,0.55,20.64,2.66,-45.0,2020s,8,False,Productos primarios,68.11
2023,Formosa,México,América Latina,0.29,20.64,1.41,-91.39,2020s,9,False,Productos primarios,68.11
2023,Formosa,Italia,Europa,0.14,20.64,0.68,-87.04,2020s,10,False,Productos primarios,68.11
2023,Formosa,Paraguay,Mercosur,0.05,20.64,0.24,-81.48,2020s,11,False,Productos primarios,68.11
2024,Formosa,Resto,Otros,15.6,37.06,42.09,100.77,2020s,1,True,Productos primarios,87.1
2024,Formosa,Brasil,Mercosur,6.49,37.06,17.51,6.92,2020s,2,True,Productos primarios,87.1
2024,Formosa,Chile,América Latina,4.25,37.06,11.47,189.12,2020s,3,True,Productos primarios,87.1
2024,Formosa,China,Asia,3.78,37.06,10.2,134.78,2020s,4,False,Productos primarios,87.1
2024,Formosa,España,Europa,3.3,37.06,8.9,186.96,2020s,5,False,Productos primarios,87.1
2024,Formosa,Estados Unidos,América del Norte,1.47,37.06,3.97,58.06,2020s,6,False,Productos primarios,87.1
2024,Formosa,Perú,América Latina,1.36,37.06,3.67,147.27,2020s,7,False,Productos primarios,87.1
2024,Formosa,Paraguay,Mercosur,0.33,37.06,0.89,560.0,2020s,8,False,Productos primarios,87.1
2024,Formosa,México,América Latina,0.2,37.06,0.54,-31.03,2020s,9,False,Productos primarios,87.1
2024,Formosa,Italia,Europa,0.19,37.06,0.51,35.71,2020s,10,False,Productos primarios,87.1
2024,Formosa,Iraq,Asia,0.07,37.06,0.19,-88.52,2020s,11,False,Productos primarios,87.1
1993,Misiones,Resto,Otros,53.01,138.46,38.29,,1990s,1,True,MOA,24.37
1993,Misiones,Estados Unidos,América del Norte,38.83,138.46,28.04,,1990s,2,True,MOA,24.37
1993,Misiones,Francia,Europa,10.14,138.46,7.32,,1990s,3,True,MOA,24.37
1993,Misiones,Siria,Asia,8.75,138.46,6.32,,1990s,4,False,MOA,24.37
1993,Misiones,Chile,América Latina,7.8,138.46,5.63,,1990s,5,False,MOA,24.37
1993,Misiones,Brasil,Mercosur,7.11,138.46,5.14,,1990s,6,False,MOA,24.37
1993,Misiones,Países Bajos,Europa,6.52,138.46,4.71,,1990s,7,False,MOA,24.37
1993,Misiones,Alemania,Europa,3.15,138.46,2.28,,1990s,8,False,MOA,24.37
1993,Misiones,Bélgica,Europa,3.06,138.46,2.21,,1990s,9,False,MOA,24.37
1993,Misiones,Sudáfrica,África,0.08,138.46,0.06,,1990s,10,False,MOA,24.37
1993,Misiones,China,Asia,0.0,138.46,0.0,,1990s,11,False,MOA,24.37
1994,Misiones,Resto,Otros,65.0,155.59,41.78,22.62,1990s,1,True,MOI,22.42
1994,Misiones,Estados Unidos,América del Norte,32.44,155.59,20.85,-16.46,1990s,2,True,MOI,22.42
1994,Misiones,Francia,Europa,19.08,155.59,12.26,88.17,1990s,3,True,MOI,22.42
1994,Misiones,Brasil,Mercosur,9.8,155.59,6.3,37.83,1990s,4,False,MOI,22.42
1994,Misiones,Chile,América Latina,8.52,155.59,5.48,9.23,1990s,5,False,MOI,22.42
1994,Misiones,Países Bajos,Europa,6.12,155.59,3.93,-6.13,1990s,6,False,MOI,22.42
1994,Misiones,Siria,Asia,5.72,155.59,3.68,-34.63,1990s,7,False,MOI,22.42
1994,Misiones,Bélgica,Europa,5.37,155.59,3.45,75.49,1990s,8,False,MOI,22.42
1994,Misiones,Sudáfrica,África,1.98,155.59,1.27,2375.0,1990s,9,False,MOI,22.42
1994,Misiones,Alemania,Europa,1.55,155.59,1.0,-50.79,1990s,10,False,MOI,22.42
1994,Misiones,China,Asia,0.0,155.59,0.0,,1990s,11,False,MOI,22.42
1995,Misiones,Resto,Otros,72.54,231.56,31.33,11.6,1990s,1,True,MOI,14.62
1995,Misiones,Francia,Europa,46.26,231.56,19.98,142.45,1990s,2,True,MOI,14.62
1995,Misiones,Brasil,Mercosur,31.68,231.56,13.68,223.27,1990s,3,True,MOI,14.62
1995,Misiones,Estados Unidos,América del Norte,27.16,231.56,11.73,-16.28,1990s,4,False,MOI,14.62
1995,Misiones,Bélgica,Europa,11.88,231.56,5.13,121.23,1990s,5,False,MOI,14.62
1995,Misiones,Siria,Asia,11.18,231.56,4.83,95.45,1990s,6,False,MOI,14.62
1995,Misiones,Países Bajos,Europa,10.36,231.56,4.47,69.28,1990s,7,False,MOI,14.62
1995,Misiones,Alemania,Europa,8.34,231.56,3.6,438.06,1990s,8,False,MOI,14.62
1995,Misiones,Chile,América Latina,7.39,231.56,3.19,-13.26,1990s,9,False,MOI,14.62
1995,Misiones,Sudáfrica,África,4.7,231.56,2.03,137.37,1990s,10,False,MOI,14.62
1995,Misiones,China,Asia,0.06,231.56,0.03,,1990s,11,False,MOI,14.62
1996,Misiones,Resto,Otros,66.53,195.85,33.97,-8.29,1990s,1,True,MOI,17.68
1996,Misiones,Estados Unidos,América del Norte,37.55,195.85,19.17,38.25,1990s,2,True,MOI,17.68
1996,Misiones,Brasil,Mercosur,26.22,195.85,13.39,-17.23,1990s,3,True,MOI,17.68
1996,Misiones,Francia,Europa,20.3,195.85,10.37,-56.12,1990s,4,False,MOI,17.68
1996,Misiones,Bélgica,Europa,13.53,195.85,6.91,13.89,1990s,5,False,MOI,17.68
1996,Misiones,Siria,Asia,9.38,195.85,4.79,-16.1,1990s,6,False,MOI,17.68
1996,Misiones,Sudáfrica,África,7.98,195.85,4.07,69.79,1990s,7,False,MOI,17.68
1996,Misiones,Chile,América Latina,7.15,195.85,3.65,-3.25,1990s,8,False,MOI,17.68
1996,Misiones,Países Bajos,Europa,5.23,195.85,2.67,-49.52,1990s,9,False,MOI,17.68
1996,Misiones,Alemania,Europa,1.03,195.85,0.53,-87.65,1990s,10,False,MOI,17.68
1996,Misiones,China,Asia,0.96,195.85,0.49,1500.0,1990s,11,False,MOI,17.68
1997,Misiones,Resto,Otros,61.03,248.22,24.59,-8.27,1990s,1,True,MOI,22.53
1997,Misiones,Estados Unidos,América del Norte,56.71,248.22,22.85,51.03,1990s,2,True,MOI,22.53
1997,Misiones,Brasil,Mercosur,44.22,248.22,17.81,68.65,1990s,3,True,MOI,22.53
1997,Misiones,Francia,Europa,28.52,248.22,11.49,40.49,1990s,4,False,MOI,22.53
1997,Misiones,Bélgica,Europa,18.19,248.22,7.33,34.44,1990s,5,False,MOI,22.53
1997,Misiones,Siria,Asia,11.54,248.22,4.65,23.03,1990s,6,False,MOI,22.53
1997,Misiones,Países Bajos,Europa,9.75,248.22,3.93,86.42,1990s,7,False,MOI,22.53
1997,Misiones,Sudáfrica,África,7.45,248.22,3.0,-6.64,1990s,8,False,MOI,22.53
1997,Misiones,Chile,América Latina,5.88,248.22,2.37,-17.76,1990s,9,False,MOI,22.53
1997,Misiones,Alemania,Europa,4.84,248.22,1.95,369.9,1990s,10,False,MOI,22.53
1997,Misiones,China,Asia,0.09,248.22,0.04,-90.62,1990s,11,False,MOI,22.53
1998,Misiones,Brasil,Mercosur,62.65,237.98,26.33,41.68,1990s,1,True,MOI,16.41
1998,Misiones,Estados Unidos,América del Norte,55.29,237.98,23.23,-2.5,1990s,2,True,MOI,16.41
1998,Misiones,Resto,Otros,40.56,237.98,17.04,-33.54,1990s,3,True,MOI,16.41
1998,Misiones,Francia,Europa,27.16,237.98,11.41,-4.77,1990s,4,False,MOI,16.41
1998,Misiones,Bélgica,Europa,18.76,237.98,7.88,3.13,1990s,5,False,MOI,16.41
1998,Misiones,Siria,Asia,9.54,237.98,4.01,-17.33,1990s,6,False,MOI,16.41
1998,Misiones,Chile,América Latina,8.95,237.98,3.76,52.21,1990s,7,False,MOI,16.41
1998,Misiones,Alemania,Europa,7.31,237.98,3.07,51.03,1990s,8,False,MOI,16.41
1998,Misiones,Países Bajos,Europa,4.09,237.98,1.72,-58.05,1990s,9,False,MOI,16.41
1998,Misiones,Sudáfrica,África,3.66,237.98,1.54,-50.87,1990s,10,False,MOI,16.41
1998,Misiones,China,Asia,0.01,237.98,0.0,-88.89,1990s,11,False,MOI,16.41
1999,Misiones,Estados Unidos,América del Norte,63.08,235.08,26.83,14.09,1990s,1,True,MOI,23.57
1999,Misiones,Brasil,Mercosur,57.35,235.08,24.4,-8.46,1990s,2,True,MOI,23.57
1999,Misiones,Resto,Otros,35.76,235.08,15.21,-11.83,1990s,3,True,MOI,23.57
1999,Misiones,Francia,Europa,21.34,235.08,9.08,-21.43,1990s,4,False,MOI,23.57
1999,Misiones,Bélgica,Europa,19.89,235.08,8.46,6.02,1990s,5,False,MOI,23.57
1999,Misiones,Alemania,Europa,11.3,235.08,4.81,54.58,1990s,6,False,MOI,23.57
1999,Misiones,Siria,Asia,10.6,235.08,4.51,11.11,1990s,7,False,MOI,23.57
1999,Misiones,Chile,América Latina,6.36,235.08,2.71,-28.94,1990s,8,False,MOI,23.57
1999,Misiones,Países Bajos,Europa,5.54,235.08,2.36,35.45,1990s,9,False,MOI,23.57
1999,Misiones,Sudáfrica,África,3.8,235.08,1.62,3.83,1990s,10,False,MOI,23.57
1999,Misiones,China,Asia,0.07,235.08,0.03,600.0,1990s,11,False,MOI,23.57
2000,Misiones,Brasil,Mercosur,91.74,282.38,32.49,59.97,2000s,1,True,MOI,14.92
2000,Misiones,Estados Unidos,América del Norte,52.15,282.38,18.47,-17.33,2000s,2,True,MOI,14.92
2000,Misiones,Resto,Otros,40.67,282.38,14.4,13.73,2000s,3,True,MOI,14.92
2000,Misiones,Bélgica,Europa,33.15,282.38,11.74,66.67,2000s,4,False,MOI,14.92
2000,Misiones,Francia,Europa,27.95,282.38,9.9,30.97,2000s,5,False,MOI,14.92
2000,Misiones,Siria,Asia,10.76,282.38,3.81,1.51,2000s,6,False,MOI,14.92
2000,Misiones,Sudáfrica,África,8.66,282.38,3.07,127.89,2000s,7,False,MOI,14.92
2000,Misiones,Alemania,Europa,8.44,282.38,2.99,-25.31,2000s,8,False,MOI,14.92
2000,Misiones,Chile,América Latina,6.5,282.38,2.3,2.2,2000s,9,False,MOI,14.92
2000,Misiones,Países Bajos,Europa,2.35,282.38,0.83,-57.58,2000s,10,False,MOI,14.92
2000,Misiones,China,Asia,0.0,282.38,0.0,-100.0,2000s,11,False,MOI,14.92
2001,Misiones,Estados Unidos,América del Norte,59.92,244.5,24.51,14.9,2000s,1,True,MOI,21.56
2001,Misiones,Brasil,Mercosur,57.27,244.5,23.42,-37.57,2000s,2,True,MOI,21.56
2001,Misiones,Resto,Otros,42.77,244.5,17.49,5.16,2000s,3,True,MOI,21.56
2001,Misiones,Bélgica,Europa,24.93,244.5,10.2,-24.8,2000s,4,False,MOI,21.56
2001,Misiones,Francia,Europa,19.61,244.5,8.02,-29.84,2000s,5,False,MOI,21.56
2001,Misiones,Alemania,Europa,9.53,244.5,3.9,12.91,2000s,6,False,MOI,21.56
2001,Misiones,Siria,Asia,9.13,244.5,3.73,-15.15,2000s,7,False,MOI,21.56
2001,Misiones,Chile,América Latina,8.23,244.5,3.37,26.62,2000s,8,False,MOI,21.56
2001,Misiones,China,Asia,6.42,244.5,2.63,,2000s,9,False,MOI,21.56
2001,Misiones,Países Bajos,Europa,3.56,244.5,1.46,51.49,2000s,10,False,MOI,21.56
2001,Misiones,Sudáfrica,África,3.13,244.5,1.28,-63.86,2000s,11,False,MOI,21.56
2002,Misiones,Estados Unidos,América del Norte,78.3,270.65,28.93,30.67,2000s,1,True,MOI,17.52
2002,Misiones,Brasil,Mercosur,60.43,270.65,22.33,5.52,2000s,2,True,MOI,17.52
2002,Misiones,Resto,Otros,39.05,270.65,14.43,-8.7,2000s,3,True,MOI,17.52
2002,Misiones,Bélgica,Europa,27.17,270.65,10.04,8.99,2000s,4,False,MOI,17.52
2002,Misiones,Francia,Europa,23.16,270.65,8.56,18.1,2000s,5,False,MOI,17.52
2002,Misiones,China,Asia,11.12,270.65,4.11,73.21,2000s,6,False,MOI,17.52
2002,Misiones,Chile,América Latina,10.32,270.65,3.81,25.39,2000s,7,False,MOI,17.52
2002,Misiones,Siria,Asia,7.91,270.65,2.92,-13.36,2000s,8,False,MOI,17.52
2002,Misiones,Alemania,Europa,6.82,270.65,2.52,-28.44,2000s,9,False,MOI,17.52
2002,Misiones,Países Bajos,Europa,3.69,270.65,1.36,3.65,2000s,10,False,MOI,17.52
2002,Misiones,Sudáfrica,África,2.68,270.65,0.99,-14.38,2000s,11,False,MOI,17.52
2003,Misiones,Estados Unidos,América del Norte,70.98,319.54,22.21,-9.35,2000s,1,True,MOA,17.14
2003,Misiones,Brasil,Mercosur,65.74,319.54,20.57,8.79,2000s,2,True,MOA,17.14
2003,Misiones,Resto,Otros,58.36,319.54,18.26,49.45,2000s,3,True,MOA,17.14
2003,Misiones,Bélgica,Europa,39.16,319.54,12.26,44.13,2000s,4,False,MOA,17.14
2003,Misiones,China,Asia,27.88,319.54,8.73,150.72,2000s,5,False,MOA,17.14
2003,Misiones,Francia,Europa,23.87,319.54,7.47,3.07,2000s,6,False,MOA,17.14
2003,Misiones,Alemania,Europa,10.17,319.54,3.18,49.12,2000s,7,False,MOA,17.14
2003,Misiones,Siria,Asia,9.11,319.54,2.85,15.17,2000s,8,False,MOA,17.14
2003,Misiones,Chile,América Latina,6.89,319.54,2.16,-33.24,2000s,9,False,MOA,17.14
2003,Misiones,Países Bajos,Europa,6.77,319.54,2.12,83.47,2000s,10,False,MOA,17.14
2003,Misiones,Sudáfrica,África,0.62,319.54,0.19,-76.87,2000s,11,False,MOA,17.14
2004,Misiones,Estados Unidos,América del Norte,109.43,399.31,27.4,54.17,2000s,1,True,MOA,16.35
2004,Misiones,Brasil,Mercosur,80.02,399.31,20.04,21.72,2000s,2,True,MOA,16.35
2004,Misiones,Resto,Otros,68.02,399.31,17.03,16.55,2000s,3,True,MOA,16.35
2004,Misiones,Bélgica,Europa,49.73,399.31,12.45,26.99,2000s,4,False,MOA,16.35
2004,Misiones,Francia,Europa,30.44,399.31,7.62,27.52,2000s,5,False,MOA,16.35
2004,Misiones,China,Asia,25.76,399.31,6.45,-7.6,2000s,6,False,MOA,16.35
2004,Misiones,Siria,Asia,10.71,399.31,2.68,17.56,2000s,7,False,MOA,16.35
2004,Misiones,Alemania,Europa,10.27,399.31,2.57,0.98,2000s,8,False,MOA,16.35
2004,Misiones,Chile,América Latina,10.01,399.31,2.51,45.28,2000s,9,False,MOA,16.35
2004,Misiones,Países Bajos,Europa,3.17,399.31,0.79,-53.18,2000s,10,False,MOA,16.35
2004,Misiones,Sudáfrica,África,1.75,399.31,0.44,182.26,2000s,11,False,MOA,16.35
2005,Misiones,Estados Unidos,América del Norte,105.81,382.35,27.67,-3.31,2000s,1,True,MOA,19.83
2005,Misiones,Resto,Otros,77.15,382.35,20.18,13.42,2000s,2,True,MOA,19.83
2005,Misiones,Brasil,Mercosur,73.79,382.35,19.3,-7.79,2000s,3,True,MOA,19.83
2005,Misiones,Bélgica,Europa,24.87,382.35,6.5,-49.99,2000s,4,False,MOA,19.83
2005,Misiones,China,Asia,21.81,382.35,5.7,-15.33,2000s,5,False,MOA,19.83
2005,Misiones,Francia,Europa,20.25,382.35,5.3,-33.48,2000s,6,False,MOA,19.83
2005,Misiones,Sudáfrica,África,19.56,382.35,5.12,1017.71,2000s,7,False,MOA,19.83
2005,Misiones,Alemania,Europa,11.58,382.35,3.03,12.76,2000s,8,False,MOA,19.83
2005,Misiones,Siria,Asia,10.8,382.35,2.82,0.84,2000s,9,False,MOA,19.83
2005,Misiones,Chile,América Latina,9.55,382.35,2.5,-4.6,2000s,10,False,MOA,19.83
2005,Misiones,Países Bajos,Europa,7.2,382.35,1.88,127.13,2000s,11,False,MOA,19.83
2006,Misiones,Estados Unidos,América del Norte,113.1,417.0,27.12,6.89,2000s,1,True,MOA,17.41
2006,Misiones,Brasil,Mercosur,92.99,417.0,22.3,26.02,2000s,2,True,MOA,17.41
2006,Misiones,Resto,Otros,69.66,417.0,16.71,-9.71,2000s,3,True,MOA,17.41
2006,Misiones,Bélgica,Europa,37.78,417.0,9.06,51.91,2000s,4,False,MOA,17.41
2006,Misiones,Sudáfrica,África,32.21,417.0,7.72,64.67,2000s,5,False,MOA,17.41
2006,Misiones,Francia,Europa,22.11,417.0,5.3,9.19,2000s,6,False,MOA,17.41
2006,Misiones,Siria,Asia,13.12,417.0,3.15,21.48,2000s,7,False,MOA,17.41
2006,Misiones,China,Asia,11.29,417.0,2.71,-48.23,2000s,8,False,MOA,17.41
2006,Misiones,Chile,América Latina,9.47,417.0,2.27,-0.84,2000s,9,False,MOA,17.41
2006,Misiones,Alemania,Europa,9.29,417.0,2.23,-19.78,2000s,10,False,MOA,17.41
2006,Misiones,Países Bajos,Europa,5.98,417.0,1.43,-16.94,2000s,11,False,MOA,17.41
2007,Misiones,Brasil,Mercosur,114.84,439.39,26.14,23.5,2000s,1,True,MOA,17.83
2007,Misiones,Estados Unidos,América del Norte,90.22,439.39,20.53,-20.23,2000s,2,True,MOA,17.83
2007,Misiones,Resto,Otros,87.04,439.39,19.81,24.95,2000s,3,True,MOA,17.83
2007,Misiones,Bélgica,Europa,33.13,439.39,7.54,-12.31,2000s,4,False,MOA,17.83
2007,Misiones,Sudáfrica,África,30.37,439.39,6.91,-5.71,2000s,5,False,MOA,17.83
2007,Misiones,Francia,Europa,28.58,439.39,6.5,29.26,2000s,6,False,MOA,17.83
2007,Misiones,Siria,Asia,15.81,439.39,3.6,20.5,2000s,7,False,MOA,17.83
2007,Misiones,China,Asia,15.75,439.39,3.58,39.5,2000s,8,False,MOA,17.83
2007,Misiones,Chile,América Latina,7.96,439.39,1.81,-15.95,2000s,9,False,MOA,17.83
2007,Misiones,Países Bajos,Europa,7.94,439.39,1.81,32.78,2000s,10,False,MOA,17.83
2007,Misiones,Alemania,Europa,7.75,439.39,1.76,-16.58,2000s,11,False,MOA,17.83
2008,Misiones,Brasil,Mercosur,139.49,473.98,29.43,21.46,2000s,1,True,MOA,23.76
2008,Misiones,Resto,Otros,103.68,473.98,21.87,19.12,2000s,2,True,MOA,23.76
2008,Misiones,Estados Unidos,América del Norte,84.45,473.98,17.82,-6.4,2000s,3,True,MOA,23.76
2008,Misiones,Bélgica,Europa,33.38,473.98,7.04,0.75,2000s,4,False,MOA,23.76
2008,Misiones,China,Asia,27.4,473.98,5.78,73.97,2000s,5,False,MOA,23.76
2008,Misiones,Sudáfrica,África,25.68,473.98,5.42,-15.44,2000s,6,False,MOA,23.76
2008,Misiones,Siria,Asia,18.92,473.98,3.99,19.67,2000s,7,False,MOA,23.76
2008,Misiones,Alemania,Europa,15.02,473.98,3.17,93.81,2000s,8,False,MOA,23.76
2008,Misiones,Países Bajos,Europa,13.25,473.98,2.8,66.88,2000s,9,False,MOA,23.76
2008,Misiones,Chile,América Latina,9.41,473.98,1.99,18.22,2000s,10,False,MOA,23.76
2008,Misiones,Francia,Europa,3.31,473.98,0.7,-88.42,2000s,11,False,MOA,23.76
2009,Misiones,Brasil,Mercosur,101.08,449.92,22.47,-27.54,2000s,1,True,MOA,26.89
2009,Misiones,Estados Unidos,América del Norte,88.92,449.92,19.76,5.29,2000s,2,True,MOA,26.89
2009,Misiones,Resto,Otros,86.99,449.92,19.33,-16.1,2000s,3,True,MOA,26.89
2009,Misiones,China,Asia,52.64,449.92,11.7,92.12,2000s,4,False,MOA,26.89
2009,Misiones,Bélgica,Europa,42.23,449.92,9.39,26.51,2000s,5,False,MOA,26.89
2009,Misiones,Siria,Asia,24.06,449.92,5.35,27.17,2000s,6,False,MOA,26.89
2009,Misiones,Sudáfrica,África,17.0,449.92,3.78,-33.8,2000s,7,False,MOA,26.89
2009,Misiones,Países Bajos,Europa,14.59,449.92,3.24,10.11,2000s,8,False,MOA,26.89
2009,Misiones,Chile,América Latina,11.19,449.92,2.49,18.92,2000s,9,False,MOA,26.89
2009,Misiones,Alemania,Europa,9.54,449.92,2.12,-36.48,2000s,10,False,MOA,26.89
2009,Misiones,Francia,Europa,1.69,449.92,0.38,-48.94,2000s,11,False,MOA,26.89
2010,Misiones,Brasil,Mercosur,166.53,528.56,31.51,64.75,2010s,1,True,MOA,16.35
2010,Misiones,Resto,Otros,95.71,528.56,18.11,10.02,2010s,2,True,MOA,16.35
2010,Misiones,Estados Unidos,América del Norte,91.09,528.56,17.23,2.44,2010s,3,True,MOA,16.35
2010,Misiones,China,Asia,44.36,528.56,8.39,-15.73,2010s,4,False,MOA,16.35
2010,Misiones,Bélgica,Europa,43.72,528.56,8.27,3.53,2010s,5,False,MOA,16.35
2010,Misiones,Sudáfrica,África,30.99,528.56,5.86,82.29,2010s,6,False,MOA,16.35
2010,Misiones,Siria,Asia,24.49,528.56,4.63,1.79,2010s,7,False,MOA,16.35
2010,Misiones,Chile,América Latina,12.74,528.56,2.41,13.85,2010s,8,False,MOA,16.35
2010,Misiones,Países Bajos,Europa,11.12,528.56,2.1,-23.78,2010s,9,False,MOA,16.35
2010,Misiones,Alemania,Europa,6.35,528.56,1.2,-33.44,2010s,10,False,MOA,16.35
2010,Misiones,Francia,Europa,1.45,528.56,0.27,-14.2,2010s,11,False,MOA,16.35
2011,Misiones,Brasil,Mercosur,158.23,535.71,29.54,-4.98,2010s,1,True,MOA,18.67
2011,Misiones,Estados Unidos,América del Norte,104.27,535.71,19.46,14.47,2010s,2,True,MOA,18.67
2011,Misiones,Resto,Otros,81.4,535.71,15.19,-14.95,2010s,3,True,MOA,18.67
2011,Misiones,China,Asia,59.59,535.71,11.12,34.33,2010s,4,False,MOA,18.67
2011,Misiones,Bélgica,Europa,40.51,535.71,7.56,-7.34,2010s,5,False,MOA,18.67
2011,Misiones,Siria,Asia,30.16,535.71,5.63,23.15,2010s,6,False,MOA,18.67
2011,Misiones,Sudáfrica,África,29.08,535.71,5.43,-6.16,2010s,7,False,MOA,18.67
2011,Misiones,Chile,América Latina,14.11,535.71,2.63,10.75,2010s,8,False,MOA,18.67
2011,Misiones,Países Bajos,Europa,10.53,535.71,1.97,-5.31,2010s,9,False,MOA,18.67
2011,Misiones,Alemania,Europa,5.98,535.71,1.12,-5.83,2010s,10,False,MOA,18.67
2011,Misiones,Francia,Europa,1.83,535.71,0.34,26.21,2010s,11,False,MOA,18.67
2012,Misiones,Brasil,Mercosur,115.73,441.2,26.23,-26.86,2010s,1,True,MOA,19.8
2012,Misiones,Estados Unidos,América del Norte,89.63,441.2,20.32,-14.04,2010s,2,True,MOA,19.8
2012,Misiones,Resto,Otros,67.41,441.2,15.28,-17.19,2010s,3,True,MOA,19.8
2012,Misiones,Siria,Asia,43.78,441.2,9.92,45.16,2010s,4,False,MOA,19.8
2012,Misiones,Bélgica,Europa,38.69,441.2,8.77,-4.49,2010s,5,False,MOA,19.8
2012,Misiones,China,Asia,29.58,441.2,6.7,-50.36,2010s,6,False,MOA,19.8
2012,Misiones,Chile,América Latina,20.25,441.2,4.59,43.52,2010s,7,False,MOA,19.8
2012,Misiones,Sudáfrica,África,17.04,441.2,3.86,-41.4,2010s,8,False,MOA,19.8
2012,Misiones,Alemania,Europa,11.32,441.2,2.57,89.3,2010s,9,False,MOA,19.8
2012,Misiones,Países Bajos,Europa,5.9,441.2,1.34,-43.97,2010s,10,False,MOA,19.8
2012,Misiones,Francia,Europa,1.87,441.2,0.42,2.19,2010s,11,False,MOA,19.8
2013,Misiones,Brasil,Mercosur,131.07,485.36,27.0,13.25,2010s,1,True,MOA,17.28
2013,Misiones,Estados Unidos,América del Norte,109.89,485.36,22.64,22.6,2010s,2,True,MOA,17.28
2013,Misiones,Resto,Otros,73.25,485.36,15.09,8.66,2010s,3,True,MOA,17.28
2013,Misiones,Siria,Asia,49.33,485.36,10.16,12.68,2010s,4,False,MOA,17.28
2013,Misiones,China,Asia,46.27,485.36,9.53,56.42,2010s,5,False,MOA,17.28
2013,Misiones,Bélgica,Europa,30.15,485.36,6.21,-22.07,2010s,6,False,MOA,17.28
2013,Misiones,Chile,América Latina,20.42,485.36,4.21,0.84,2010s,7,False,MOA,17.28
2013,Misiones,Alemania,Europa,9.43,485.36,1.94,-16.7,2010s,8,False,MOA,17.28
2013,Misiones,Sudáfrica,África,9.03,485.36,1.86,-47.01,2010s,9,False,MOA,17.28
2013,Misiones,Países Bajos,Europa,5.43,485.36,1.12,-7.97,2010s,10,False,MOA,17.28
2013,Misiones,Francia,Europa,1.08,485.36,0.22,-42.25,2010s,11,False,MOA,17.28
2014,Misiones,Brasil,Mercosur,151.12,476.18,31.74,15.3,2010s,1,True,MOA,12.81
2014,Misiones,Estados Unidos,América del Norte,106.75,476.18,22.42,-2.86,2010s,2,True,MOA,12.81
2014,Misiones,Resto,Otros,77.52,476.18,16.28,5.83,2010s,3,True,MOA,12.81
2014,Misiones,Siria,Asia,66.66,476.18,14.0,35.13,2010s,4,False,MOA,12.81
2014,Misiones,China,Asia,22.13,476.18,4.65,-52.17,2010s,5,False,MOA,12.81
2014,Misiones,Chile,América Latina,17.06,476.18,3.58,-16.45,2010s,6,False,MOA,12.81
2014,Misiones,Bélgica,Europa,15.85,476.18,3.33,-47.43,2010s,7,False,MOA,12.81
2014,Misiones,Alemania,Europa,11.11,476.18,2.33,17.82,2010s,8,False,MOA,12.81
2014,Misiones,Países Bajos,Europa,4.13,476.18,0.87,-23.94,2010s,9,False,MOA,12.81
2014,Misiones,Sudáfrica,África,2.46,476.18,0.52,-72.76,2010s,10,False,MOA,12.81
2014,Misiones,Francia,Europa,1.39,476.18,0.29,28.7,2010s,11,False,MOA,12.81
2015,Misiones,Brasil,Mercosur,133.9,404.23,33.12,-11.39,2010s,1,True,MOA,8.83
2015,Misiones,Estados Unidos,América del Norte,91.41,404.23,22.61,-14.37,2010s,2,True,MOA,8.83
2015,Misiones,Siria,Asia,80.43,404.23,19.9,20.66,2010s,3,True,MOA,8.83
2015,Misiones,Resto,Otros,43.52,404.23,10.77,-43.86,2010s,4,False,MOA,8.83
2015,Misiones,Chile,América Latina,18.16,404.23,4.49,6.45,2010s,5,False,MOA,8.83
2015,Misiones,Bélgica,Europa,14.04,404.23,3.47,-11.42,2010s,6,False,MOA,8.83
2015,Misiones,China,Asia,12.19,404.23,3.02,-44.92,2010s,7,False,MOA,8.83
2015,Misiones,Alemania,Europa,6.12,404.23,1.51,-44.91,2010s,8,False,MOA,8.83
2015,Misiones,Países Bajos,Europa,2.47,404.23,0.61,-40.19,2010s,9,False,MOA,8.83
2015,Misiones,Francia,Europa,1.38,404.23,0.34,-0.72,2010s,10,False,MOA,8.83
2015,Misiones,Sudáfrica,África,0.63,404.23,0.16,-74.39,2010s,11,False,MOA,8.83
2016,Misiones,Brasil,Mercosur,100.48,347.89,28.88,-24.96,2010s,1,True,MOA,11.55
2016,Misiones,Estados Unidos,América del Norte,84.74,347.89,24.36,-7.3,2010s,2,True,MOA,11.55
2016,Misiones,Siria,Asia,51.09,347.89,14.69,-36.48,2010s,3,True,MOA,11.55
2016,Misiones,Resto,Otros,40.79,347.89,11.72,-6.27,2010s,4,False,MOA,11.55
2016,Misiones,China,Asia,31.95,347.89,9.18,162.1,2010s,5,False,MOA,11.55
2016,Misiones,Bélgica,Europa,14.42,347.89,4.14,2.71,2010s,6,False,MOA,11.55
2016,Misiones,Chile,América Latina,13.27,347.89,3.81,-26.93,2010s,7,False,MOA,11.55
2016,Misiones,Alemania,Europa,9.14,347.89,2.63,49.35,2010s,8,False,MOA,11.55
2016,Misiones,Países Bajos,Europa,1.37,347.89,0.39,-44.53,2010s,9,False,MOA,11.55
2016,Misiones,Francia,Europa,0.56,347.89,0.16,-59.42,2010s,10,False,MOA,11.55
2016,Misiones,Sudáfrica,África,0.09,347.89,0.03,-85.71,2010s,11,False,MOA,11.55
2017,Misiones,Estados Unidos,América del Norte,87.16,411.73,21.17,2.86,2010s,1,True,MOA,17.55
2017,Misiones,China,Asia,82.06,411.73,19.93,156.84,2010s,2,True,MOA,17.55
2017,Misiones,Brasil,Mercosur,64.18,411.73,15.59,-36.13,2010s,3,True,MOA,17.55
2017,Misiones,Resto,Otros,60.07,411.73,14.59,47.27,2010s,4,False,MOA,17.55
2017,Misiones,Siria,Asia,55.88,411.73,13.57,9.38,2010s,5,False,MOA,17.55
2017,Misiones,Bélgica,Europa,44.63,411.73,10.84,209.5,2010s,6,False,MOA,17.55
2017,Misiones,Chile,América Latina,13.59,411.73,3.3,2.41,2010s,7,False,MOA,17.55
2017,Misiones,Alemania,Europa,2.24,411.73,0.54,-75.49,2010s,8,False,MOA,17.55
2017,Misiones,Países Bajos,Europa,1.21,411.73,0.29,-11.68,2010s,9,False,MOA,17.55
2017,Misiones,Francia,Europa,0.59,411.73,0.14,5.36,2010s,10,False,MOA,17.55
2017,Misiones,Sudáfrica,África,0.13,411.73,0.03,44.44,2010s,11,False,MOA,17.55
2018,Misiones,China,Asia,106.18,481.54,22.05,29.39,2010s,1,True,MOA,16.85
2018,Misiones,Estados Unidos,América del Norte,86.16,481.54,17.89,-1.15,2010s,2,True,MOA,16.85
2018,Misiones,Brasil,Mercosur,79.0,481.54,16.41,23.09,2010s,3,True,MOA,16.85
2018,Misiones,Resto,Otros,75.23,481.54,15.62,25.24,2010s,4,False,MOA,16.85
2018,Misiones,Siria,Asia,63.44,481.54,13.17,13.53,2010s,5,False,MOA,16.85
2018,Misiones,Bélgica,Europa,47.06,481.54,9.77,5.44,2010s,6,False,MOA,16.85
2018,Misiones,Chile,América Latina,16.86,481.54,3.5,24.06,2010s,7,False,MOA,16.85
2018,Misiones,Alemania,Europa,3.21,481.54,0.67,43.3,2010s,8,False,MOA,16.85
2018,Misiones,Países Bajos,Europa,2.28,481.54,0.47,88.43,2010s,9,False,MOA,16.85
2018,Misiones,Francia,Europa,1.7,481.54,0.35,188.14,2010s,10,False,MOA,16.85
2018,Misiones,Sudáfrica,África,0.43,481.54,0.09,230.77,2010s,11,False,MOA,16.85
2019,Misiones,Brasil,Mercosur,82.31,430.06,19.14,4.19,2010s,1,True,MOA,15.09
2019,Misiones,Estados Unidos,América del Norte,82.24,430.06,19.12,-4.55,2010s,2,True,MOA,15.09
2019,Misiones,Resto,Otros,78.27,430.06,18.2,4.04,2010s,3,True,MOA,15.09
2019,Misiones,China,Asia,77.75,430.06,18.08,-26.78,2010s,4,False,MOA,15.09
2019,Misiones,Siria,Asia,51.28,430.06,11.92,-19.17,2010s,5,False,MOA,15.09
2019,Misiones,Bélgica,Europa,31.98,430.06,7.44,-32.04,2010s,6,False,MOA,15.09
2019,Misiones,Chile,América Latina,18.41,430.06,4.28,9.19,2010s,7,False,MOA,15.09
2019,Misiones,Alemania,Europa,4.86,430.06,1.13,51.4,2010s,8,False,MOA,15.09
2019,Misiones,Francia,Europa,1.58,430.06,0.37,-7.06,2010s,9,False,MOA,15.09
2019,Misiones,Países Bajos,Europa,1.16,430.06,0.27,-49.12,2010s,10,False,MOA,15.09
2019,Misiones,Sudáfrica,África,0.21,430.06,0.05,-51.16,2010s,11,False,MOA,15.09
2020,Misiones,Estados Unidos,América del Norte,85.25,392.23,21.73,3.66,2020s,1,True,MOA,16.54
2020,Misiones,Resto,Otros,72.27,392.23,18.43,-7.67,2020s,2,True,MOA,16.54
2020,Misiones,China,Asia,63.21,392.23,16.12,-18.7,2020s,3,True,MOA,16.54
2020,Misiones,Brasil,Mercosur,58.2,392.23,14.84,-29.29,2020s,4,False,MOA,16.54
2020,Misiones,Siria,Asia,53.14,392.23,13.55,3.63,2020s,5,False,MOA,16.54
2020,Misiones,Bélgica,Europa,33.95,392.23,8.66,6.16,2020s,6,False,MOA,16.54
2020,Misiones,Chile,América Latina,18.66,392.23,4.76,1.36,2020s,7,False,MOA,16.54
2020,Misiones,Alemania,Europa,4.63,392.23,1.18,-4.73,2020s,8,False,MOA,16.54
2020,Misiones,Francia,Europa,1.52,392.23,0.39,-3.8,2020s,9,False,MOA,16.54
2020,Misiones,Países Bajos,Europa,1.35,392.23,0.34,16.38,2020s,10,False,MOA,16.54
2020,Misiones,Sudáfrica,África,0.04,392.23,0.01,-80.95,2020s,11,False,MOA,16.54
2021,Misiones,Estados Unidos,América del Norte,117.71,465.34,25.3,38.08,2020s,1,True,MOA,10.24
2021,Misiones,China,Asia,90.99,465.34,19.55,43.95,2020s,2,True,MOA,10.24
2021,Misiones,Resto,Otros,84.77,465.34,18.22,17.3,2020s,3,True,MOA,10.24
2021,Misiones,Brasil,Mercosur,76.79,465.34,16.5,31.94,2020s,4,False,MOA,10.24
2021,Misiones,Siria,Asia,39.4,465.34,8.47,-25.86,2020s,5,False,MOA,10.24
2021,Misiones,Chile,América Latina,26.71,465.34,5.74,43.14,2020s,6,False,MOA,10.24
2021,Misiones,Bélgica,Europa,20.12,465.34,4.32,-40.74,2020s,7,False,MOA,10.24
2021,Misiones,Alemania,Europa,5.33,465.34,1.15,15.12,2020s,8,False,MOA,10.24
2021,Misiones,Francia,Europa,1.85,465.34,0.4,21.71,2020s,9,False,MOA,10.24
2021,Misiones,Países Bajos,Europa,1.64,465.34,0.35,21.48,2020s,10,False,MOA,10.24
2021,Misiones,Sudáfrica,África,0.03,465.34,0.01,-25.0,2020s,11,False,MOA,10.24
2022,Misiones,Estados Unidos,América del Norte,103.22,438.22,23.55,-12.31,2020s,1,True,MOA,9.86
2022,Misiones,Brasil,Mercosur,87.54,438.22,19.98,14.0,2020s,2,True,MOA,9.86
2022,Misiones,Resto,Otros,80.44,438.22,18.36,-5.11,2020s,3,True,MOA,9.86
2022,Misiones,China,Asia,57.77,438.22,13.18,-36.51,2020s,4,False,MOA,9.86
2022,Misiones,Siria,Asia,54.48,438.22,12.43,38.27,2020s,5,False,MOA,9.86
2022,Misiones,Chile,América Latina,23.78,438.22,5.43,-10.97,2020s,6,False,MOA,9.86
2022,Misiones,Bélgica,Europa,21.15,438.22,4.83,5.12,2020s,7,False,MOA,9.86
2022,Misiones,Alemania,Europa,7.81,438.22,1.78,46.53,2020s,8,False,MOA,9.86
2022,Misiones,Francia,Europa,1.18,438.22,0.27,-36.22,2020s,9,False,MOA,9.86
2022,Misiones,Países Bajos,Europa,0.84,438.22,0.19,-48.78,2020s,10,False,MOA,9.86
2022,Misiones,Sudáfrica,África,0.0,438.22,0.0,-100.0,2020s,11,False,MOA,9.86
2023,Misiones,Estados Unidos,América del Norte,88.5,363.28,24.36,-14.26,2020s,1,True,MOA,8.04
2023,Misiones,Brasil,Mercosur,88.2,363.28,24.28,0.75,2020s,2,True,MOA,8.04
2023,Misiones,Resto,Otros,66.38,363.28,18.27,-17.48,2020s,3,True,MOA,8.04
2023,Misiones,Siria,Asia,48.15,363.28,13.25,-11.62,2020s,4,False,MOA,8.04
2023,Misiones,China,Asia,35.89,363.28,9.88,-37.87,2020s,5,False,MOA,8.04
2023,Misiones,Chile,América Latina,14.01,363.28,3.86,-41.08,2020s,6,False,MOA,8.04
2023,Misiones,Bélgica,Europa,13.09,363.28,3.6,-38.11,2020s,7,False,MOA,8.04
2023,Misiones,Alemania,Europa,7.14,363.28,1.97,-8.58,2020s,8,False,MOA,8.04
2023,Misiones,Francia,Europa,1.01,363.28,0.28,-14.41,2020s,9,False,MOA,8.04
2023,Misiones,Países Bajos,Europa,0.86,363.28,0.24,2.38,2020s,10,False,MOA,8.04
2023,Misiones,Sudáfrica,África,0.04,363.28,0.01,,2020s,11,False,MOA,8.04
2024,Misiones,Estados Unidos,América del Norte,100.03,441.34,22.67,13.03,2020s,1,True,MOA,11.76
2024,Misiones,Resto,Otros,98.96,441.34,22.42,49.08,2020s,2,True,MOA,11.76
2024,Misiones,Brasil,Mercosur,91.17,441.34,20.66,3.37,2020s,3,True,MOA,11.76
2024,Misiones,Siria,Asia,55.6,441.34,12.6,15.47,2020s,4,False,MOA,11.76
2024,Misiones,China,Asia,53.26,441.34,12.07,48.4,2020s,5,False,MOA,11.76
2024,Misiones,Chile,América Latina,17.34,441.34,3.93,23.77,2020s,6,False,MOA,11.76
2024,Misiones,Bélgica,Europa,15.96,441.34,3.62,21.93,2020s,7,False,MOA,11.76
2024,Misiones,Alemania,Europa,6.22,441.34,1.41,-12.89,2020s,8,False,MOA,11.76
2024,Misiones,Francia,Europa,1.35,441.34,0.31,33.66,2020s,9,False,MOA,11.76
2024,Misiones,Países Bajos,Europa,1.18,441.34,0.27,37.21,2020s,10,False,MOA,11.76
2024,Misiones,Sudáfrica,África,0.25,441.34,0.06,525.0,2020s,11,False,MOA,11.76
